experiment,epoch,image_index,ground_truth,target,landscape_split,bn_mode,target_layer,epsilon_alpha,epsilon_beta,lambda_min,lambda_max,anisotropy,center_prediction,center_confidence,center_target_probability,perturbed_prediction,perturbed_confidence,perturbed_target_probability,prediction_unchanged,center_correct,perturbed_correct,signed_cosine,signed_cosine_distance,magnitude_cosine,magnitude_cosine_distance,magnitude_pearson,relative_l1,top_k_overlap
sgd_nesterov,150,0,3,3,test_Z,match_landscape,last_conv2d,0.10000000000000009,0.10000000000000009,1.8994209183599533,2.4906042204950194,1.3112439672642549,3,0.9292861223220825,0.9292861223220825,3,0.9105933308601379,0.9105933308601379,1,1,1,0.9998762738251934,0.0001237261748066043,0.9998762738251934,0.0001237261748066043,0.9993050402535746,0.014397324994206429,0.9615384615384616
sgd_nesterov,150,0,3,3,test_Z,match_landscape,last_conv2d,0.10000000000000009,0.10000000000000009,1.8994209183599533,2.4906042204950194,1.3112439672642549,3,0.9292861223220825,0.9292861223220825,3,0.9439676403999329,0.9439676403999329,1,1,1,0.9997615265927691,0.00023847340723093247,0.9997615265927691,0.00023847340723093247,0.998737977851679,0.021651949733495712,0.9615384615384616
sgd_nesterov,150,0,3,3,test_Z,match_landscape,last_conv2d,0.10000000000000009,0.10000000000000009,1.8994209183599533,2.4906042204950194,1.3112439672642549,3,0.9292861223220825,0.9292861223220825,3,0.9298024773597717,0.9298024773597717,1,1,1,0.9997592745109021,0.00024072548909792602,0.9997592745109021,0.00024072548909792602,0.9986472149470352,0.021339666098356247,0.9428571428571428
sgd_nesterov,150,0,3,3,test_Z,match_landscape,last_conv2d,0.10000000000000009,0.10000000000000009,1.8994209183599533,2.4906042204950194,1.3112439672642549,3,0.9292861223220825,0.9292861223220825,3,0.9262539744377136,0.9262539744377136,1,1,1,0.9996799624755972,0.0003200375244027942,0.9996799624755972,0.0003200375244027942,0.9983158608188832,0.02429717592895031,0.9805825242718447
sgd_nesterov,150,1,8,8,test_Z,match_landscape,last_conv2d,0.10000000000000009,0.10000000000000009,1.8994209183599533,2.4906042204950194,1.3112439672642549,8,0.9956547021865845,0.9956547021865845,8,0.9955808520317078,0.9955808520317078,1,1,1,0.9999752530369934,2.47469630065833e-05,0.9999752530369934,2.47469630065833e-05,0.9999485360920046,0.008284860290586948,0.9615384615384616
sgd_nesterov,150,1,8,8,test_Z,match_landscape,last_conv2d,0.10000000000000009,0.10000000000000009,1.8994209183599533,2.4906042204950194,1.3112439672642549,8,0.9956547021865845,0.9956547021865845,8,0.9954763054847717,0.9954763054847717,1,1,1,0.9999864069433656,1.3593056634397804e-05,0.9999864069433656,1.3593056634397804e-05,0.9999726693737172,0.006153421010822058,1.0
sgd_nesterov,150,1,8,8,test_Z,match_landscape,last_conv2d,0.10000000000000009,0.10000000000000009,1.8994209183599533,2.4906042204950194,1.3112439672642549,8,0.9956547021865845,0.9956547021865845,8,0.9958915710449219,0.9958915710449219,1,1,1,0.9999787486285769,2.1251371423058885e-05,0.9999787486285769,2.1251371423058885e-05,0.9999611981908383,0.007664244156330824,0.9805825242718447
sgd_nesterov,150,1,8,8,test_Z,match_landscape,last_conv2d,0.10000000000000009,0.10000000000000009,1.8994209183599533,2.4906042204950194,1.3112439672642549,8,0.9956547021865845,0.9956547021865845,8,0.9953228831291199,0.9953228831291199,1,1,1,0.999976011802519,2.3988197480950824e-05,0.999976011802519,2.3988197480950824e-05,0.9999523229367451,0.00753342779353261,0.9805825242718447
sgd_nesterov,150,2,8,8,test_Z,match_landscape,last_conv2d,0.10000000000000009,0.10000000000000009,1.8994209183599533,2.4906042204950194,1.3112439672642549,8,0.8074229955673218,0.8074229955673218,8,0.8022876977920532,0.8022876977920532,1,1,1,0.9999778075946193,2.2192405380705438e-05,0.9999778075946193,2.2192405380705438e-05,0.9999644926524365,0.0086136469617486,0.9805825242718447
sgd_nesterov,150,2,8,8,test_Z,match_landscape,last_conv2d,0.10000000000000009,0.10000000000000009,1.8994209183599533,2.4906042204950194,1.3112439672642549,8,0.8074229955673218,0.8074229955673218,8,0.8167107105255127,0.8167107105255127,1,1,1,0.9999589887983478,4.1011201652230156e-05,0.9999589887983478,4.1011201652230156e-05,0.9999294086181472,0.01046055369079113,0.9615384615384616
sgd_nesterov,150,2,8,8,test_Z,match_landscape,last_conv2d,0.10000000000000009,0.10000000000000009,1.8994209183599533,2.4906042204950194,1.3112439672642549,8,0.8074229955673218,0.8074229955673218,8,0.7967639565467834,0.7967639565467834,1,1,1,0.9999656720601852,3.432793981483773e-05,0.9999656720601852,3.432793981483773e-05,0.9999615820094145,0.009224409237504005,0.9805825242718447
sgd_nesterov,150,2,8,8,test_Z,match_landscape,last_conv2d,0.10000000000000009,0.10000000000000009,1.8994209183599533,2.4906042204950194,1.3112439672642549,8,0.8074229955673218,0.8074229955673218,8,0.8165053129196167,0.8165053129196167,1,1,1,0.9999511610507156,4.883894928442434e-05,0.9999511610507156,4.883894928442434e-05,0.9999504274079264,0.011435376480221748,1.0
sgd_nesterov,150,3,0,0,test_Z,match_landscape,last_conv2d,0.10000000000000009,0.10000000000000009,1.8994209183599533,2.4906042204950194,1.3112439672642549,8,0.8440703749656677,0.08486299216747284,8,0.8461363911628723,0.08279162645339966,1,0,0,0.9979659316114636,0.0020340683885363697,0.9979659316114636,0.0020340683885363697,0.9953276044220477,0.06280786544084549,0.9245283018867925
sgd_nesterov,150,3,0,0,test_Z,match_landscape,last_conv2d,0.10000000000000009,0.10000000000000009,1.8994209183599533,2.4906042204950194,1.3112439672642549,8,0.8440703749656677,0.08486299216747284,8,0.8443968296051025,0.08479209989309311,1,0,0,0.9975039293966964,0.0024960706033035907,0.9975039293966964,0.0024960706033035907,0.9943409885208726,0.0696587860584259,0.8214285714285714
sgd_nesterov,150,3,0,0,test_Z,match_landscape,last_conv2d,0.10000000000000009,0.10000000000000009,1.8994209183599533,2.4906042204950194,1.3112439672642549,8,0.8440703749656677,0.08486299216747284,8,0.8353554010391235,0.08114710450172424,1,0,0,0.9971555175009291,0.0028444824990708772,0.9971555175009291,0.0028444824990708772,0.9947550961146303,0.08062507212162018,0.9805825242718447
sgd_nesterov,150,3,0,0,test_Z,match_landscape,last_conv2d,0.10000000000000009,0.10000000000000009,1.8994209183599533,2.4906042204950194,1.3112439672642549,8,0.8440703749656677,0.08486299216747284,8,0.8464149832725525,0.08921069651842117,1,0,0,0.9959161556200513,0.004083844379948687,0.9959161556200513,0.004083844379948687,0.9915350741183795,0.10460904985666275,1.0
sgd_nesterov,150,4,6,6,test_Z,match_landscape,last_conv2d,0.10000000000000009,0.10000000000000009,1.8994209183599533,2.4906042204950194,1.3112439672642549,6,0.9453420639038086,0.9453420639038086,6,0.9385695457458496,0.9385695457458496,1,1,1,0.9998437979043782,0.00015620209562183796,0.9998437979043782,0.00015620209562183796,0.9996826042504005,0.01881454326212406,0.9428571428571428
sgd_nesterov,150,4,6,6,test_Z,match_landscape,last_conv2d,0.10000000000000009,0.10000000000000009,1.8994209183599533,2.4906042204950194,1.3112439672642549,6,0.9453420639038086,0.9453420639038086,6,0.9510135650634766,0.9510135650634766,1,1,1,0.9999460198239661,5.398017603386318e-05,0.9999460198239661,5.398017603386318e-05,0.9998915265889321,0.011593295261263847,0.9615384615384616
sgd_nesterov,150,4,6,6,test_Z,match_landscape,last_conv2d,0.10000000000000009,0.10000000000000009,1.8994209183599533,2.4906042204950194,1.3112439672642549,6,0.9453420639038086,0.9453420639038086,6,0.9397972822189331,0.9397972822189331,1,1,1,0.9999012697548819,9.873024511808381e-05,0.9999012697548819,9.873024511808381e-05,0.9998659415501583,0.01797003298997879,0.9805825242718447
sgd_nesterov,150,4,6,6,test_Z,match_landscape,last_conv2d,0.10000000000000009,0.10000000000000009,1.8994209183599533,2.4906042204950194,1.3112439672642549,6,0.9453420639038086,0.9453420639038086,6,0.9493714570999146,0.9493714570999146,1,1,1,0.9998626439006412,0.00013735609935883186,0.9998626439006412,0.00013735609935883186,0.9997658689420669,0.020243842154741287,0.9805825242718447
sgd_nesterov,150,5,6,6,test_Z,match_landscape,last_conv2d,0.10000000000000009,0.10000000000000009,1.8994209183599533,2.4906042204950194,1.3112439672642549,6,0.6186829805374146,0.6186829805374146,6,0.5859957933425903,0.5859957933425903,1,1,1,0.9999709141035996,2.9085896400382616e-05,0.9999709141035996,2.9085896400382616e-05,0.9999535785103165,0.010471992194652557,1.0
sgd_nesterov,150,5,6,6,test_Z,match_landscape,last_conv2d,0.10000000000000009,0.10000000000000009,1.8994209183599533,2.4906042204950194,1.3112439672642549,6,0.6186829805374146,0.6186829805374146,6,0.6624288558959961,0.6624288558959961,1,1,1,0.9999632277764113,3.677222358866583e-05,0.9999632277764113,3.677222358866583e-05,0.9999477903594622,0.012223697267472744,1.0
sgd_nesterov,150,5,6,6,test_Z,match_landscape,last_conv2d,0.10000000000000009,0.10000000000000009,1.8994209183599533,2.4906042204950194,1.3112439672642549,6,0.6186829805374146,0.6186829805374146,6,0.6912974119186401,0.6912974119186401,1,1,1,0.9999149632856649,8.503671433512938e-05,0.9999149632856649,8.503671433512938e-05,0.9998576952381173,0.01629677228629589,0.9805825242718447
sgd_nesterov,150,5,6,6,test_Z,match_landscape,last_conv2d,0.10000000000000009,0.10000000000000009,1.8994209183599533,2.4906042204950194,1.3112439672642549,6,0.6186829805374146,0.6186829805374146,6,0.5450750589370728,0.5450750589370728,1,1,1,0.9999485407626525,5.145923734750646e-05,0.9999485407626525,5.145923734750646e-05,0.999907075246763,0.013078144751489162,1.0
sgd_nesterov,150,6,1,1,test_Z,match_landscape,last_conv2d,0.10000000000000009,0.10000000000000009,1.8994209183599533,2.4906042204950194,1.3112439672642549,1,0.9073359966278076,0.9073359966278076,1,0.9067968130111694,0.9067968130111694,1,1,1,0.9997648141568366,0.00023518584316339908,0.9997648141568366,0.00023518584316339908,0.9993017320807557,0.02222088724374771,0.9428571428571428
sgd_nesterov,150,6,1,1,test_Z,match_landscape,last_conv2d,0.10000000000000009,0.10000000000000009,1.8994209183599533,2.4906042204950194,1.3112439672642549,1,0.9073359966278076,0.9073359966278076,1,0.9035871624946594,0.9035871624946594,1,1,1,0.9997752897587174,0.00022471024128256634,0.9997752897587174,0.00022471024128256634,0.9993335622134345,0.021193737164139748,0.9615384615384616
sgd_nesterov,150,6,1,1,test_Z,match_landscape,last_conv2d,0.10000000000000009,0.10000000000000009,1.8994209183599533,2.4906042204950194,1.3112439672642549,1,0.9073359966278076,0.9073359966278076,1,0.898158848285675,0.898158848285675,1,1,1,0.9999474981562722,5.250184372784794e-05,0.9999474981562722,5.250184372784794e-05,0.9998570447319652,0.010363034904003143,0.9615384615384616
sgd_nesterov,150,6,1,1,test_Z,match_landscape,last_conv2d,0.10000000000000009,0.10000000000000009,1.8994209183599533,2.4906042204950194,1.3112439672642549,1,0.9073359966278076,0.9073359966278076,1,0.9055036306381226,0.9055036306381226,1,1,1,0.9999469165285845,5.308347141552705e-05,0.9999469165285845,5.308347141552705e-05,0.9998484633874118,0.011394484899938107,0.9805825242718447
sgd_nesterov,150,8,3,3,test_Z,match_landscape,last_conv2d,0.10000000000000009,0.10000000000000009,1.8994209183599533,2.4906042204950194,1.3112439672642549,3,0.8762011528015137,0.8762011528015137,3,0.8580600619316101,0.8580600619316101,1,1,1,0.999508881914818,0.0004911180851819852,0.999508881914818,0.0004911180851819852,0.9964167621858615,0.034070126712322235,0.7894736842105263
sgd_nesterov,150,8,3,3,test_Z,match_landscape,last_conv2d,0.10000000000000009,0.10000000000000009,1.8994209183599533,2.4906042204950194,1.3112439672642549,3,0.8762011528015137,0.8762011528015137,3,0.893859326839447,0.893859326839447,1,1,1,0.9996282789581865,0.00037172104181348864,0.9996282789581865,0.00037172104181348864,0.9971962963244974,0.03220943361520767,0.8214285714285714
sgd_nesterov,150,8,3,3,test_Z,match_landscape,last_conv2d,0.10000000000000009,0.10000000000000009,1.8994209183599533,2.4906042204950194,1.3112439672642549,3,0.8762011528015137,0.8762011528015137,3,0.8757078647613525,0.8757078647613525,1,1,1,0.9994948996747962,0.0005051003252037889,0.9994948996747962,0.0005051003252037889,0.9961931294184099,0.028389981016516685,0.8545454545454545
sgd_nesterov,150,8,3,3,test_Z,match_landscape,last_conv2d,0.10000000000000009,0.10000000000000009,1.8994209183599533,2.4906042204950194,1.3112439672642549,3,0.8762011528015137,0.8762011528015137,3,0.8792555332183838,0.8792555332183838,1,1,1,0.9993387893223143,0.000661210677685653,0.9993387893223143,0.000661210677685653,0.9950685019906402,0.03290940821170807,0.8053097345132744
sgd_nesterov,150,9,1,1,test_Z,match_landscape,last_conv2d,0.10000000000000009,0.10000000000000009,1.8994209183599533,2.4906042204950194,1.3112439672642549,9,0.5431092977523804,0.41833293437957764,9,0.6178449988365173,0.34591594338417053,1,0,0,0.9986901106043089,0.0013098893956910995,0.9986901106043089,0.0013098893956910995,0.9965913925827372,0.05216784030199051,0.8214285714285714
sgd_nesterov,150,9,1,1,test_Z,match_landscape,last_conv2d,0.10000000000000009,0.10000000000000009,1.8994209183599533,2.4906042204950194,1.3112439672642549,9,0.5431092977523804,0.41833293437957764,9,0.5155314803123474,0.4446980655193329,1,0,0,0.9994591109617955,0.000540889038204484,0.9994591109617955,0.000540889038204484,0.9985873070065556,0.03258178383111954,0.9428571428571428
sgd_nesterov,150,9,1,1,test_Z,match_landscape,last_conv2d,0.10000000000000009,0.10000000000000009,1.8994209183599533,2.4906042204950194,1.3112439672642549,9,0.5431092977523804,0.41833293437957764,9,0.49682357907295227,0.46955955028533936,1,0,0,0.9993994031568615,0.0006005968431385122,0.9993994031568615,0.0006005968431385122,0.9984970452220313,0.037895191460847855,0.9428571428571428
sgd_nesterov,150,9,1,1,test_Z,match_landscape,last_conv2d,0.10000000000000009,0.10000000000000009,1.8994209183599533,2.4906042204950194,1.3112439672642549,9,0.5431092977523804,0.41833293437957764,9,0.6012861728668213,0.3550601601600647,1,0,0,0.9991674351256536,0.0008325648743463532,0.9991674351256536,0.0008325648743463532,0.9980269778792448,0.043238140642642975,0.8545454545454545
sgd_nesterov,150,10,0,0,test_Z,match_landscape,last_conv2d,0.10000000000000009,0.10000000000000009,1.8994209183599533,2.4906042204950194,1.3112439672642549,0,0.8610628843307495,0.8610628843307495,0,0.8770204186439514,0.8770204186439514,1,1,1,0.9991583107114044,0.0008416892885956262,0.9991583107114044,0.0008416892885956262,0.9978477702966102,0.04161638393998146,0.8378378378378378
sgd_nesterov,150,10,0,0,test_Z,match_landscape,last_conv2d,0.10000000000000009,0.10000000000000009,1.8994209183599533,2.4906042204950194,1.3112439672642549,0,0.8610628843307495,0.8610628843307495,0,0.8497260808944702,0.8497260808944702,1,1,1,0.9997268251470762,0.0002731748529237743,0.9997268251470762,0.0002731748529237743,0.9993105402828923,0.02196856215596199,0.9428571428571428
sgd_nesterov,150,10,0,0,test_Z,match_landscape,last_conv2d,0.10000000000000009,0.10000000000000009,1.8994209183599533,2.4906042204950194,1.3112439672642549,0,0.8610628843307495,0.8610628843307495,0,0.8402826189994812,0.8402826189994812,1,1,1,0.9998368568575475,0.00016314314245247097,0.9998368568575475,0.00016314314245247097,0.9996286642899735,0.01837293431162834,0.9245283018867925
sgd_nesterov,150,10,0,0,test_Z,match_landscape,last_conv2d,0.10000000000000009,0.10000000000000009,1.8994209183599533,2.4906042204950194,1.3112439672642549,0,0.8610628843307495,0.8610628843307495,0,0.8823869824409485,0.8823869824409485,1,1,1,0.9972315265804174,0.00276847341958264,0.9972315265804174,0.00276847341958264,0.9929389794094347,0.08800415694713593,0.7
sgd_nesterov,150,11,9,9,test_Z,match_landscape,last_conv2d,0.10000000000000009,0.10000000000000009,1.8994209183599533,2.4906042204950194,1.3112439672642549,9,0.996954083442688,0.996954083442688,9,0.9969789981842041,0.9969789981842041,1,1,1,0.9999525628484065,4.743715159349904e-05,0.9999525628484065,4.743715159349904e-05,0.9999173308042011,0.011126562021672726,0.9615384615384616
sgd_nesterov,150,11,9,9,test_Z,match_landscape,last_conv2d,0.10000000000000009,0.10000000000000009,1.8994209183599533,2.4906042204950194,1.3112439672642549,9,0.996954083442688,0.996954083442688,9,0.9969115853309631,0.9969115853309631,1,1,1,0.9999485364926551,5.146350734486216e-05,0.9999485364926551,5.146350734486216e-05,0.9999180945348561,0.011367378756403923,1.0
sgd_nesterov,150,11,9,9,test_Z,match_landscape,last_conv2d,0.10000000000000009,0.10000000000000009,1.8994209183599533,2.4906042204950194,1.3112439672642549,9,0.996954083442688,0.996954083442688,9,0.9967933297157288,0.9967933297157288,1,1,1,0.9999783342139638,2.1665786036240142e-05,0.9999783342139638,2.1665786036240142e-05,0.9999605571127608,0.007828076370060444,0.9615384615384616
sgd_nesterov,150,11,9,9,test_Z,match_landscape,last_conv2d,0.10000000000000009,0.10000000000000009,1.8994209183599533,2.4906042204950194,1.3112439672642549,9,0.996954083442688,0.996954083442688,9,0.9970274567604065,0.9970274567604065,1,1,1,0.9999589926072336,4.100739276635679e-05,0.9999589926072336,4.100739276635679e-05,0.999938021071386,0.011614921502768993,0.9615384615384616
sgd_nesterov,150,12,5,5,test_Z,match_landscape,last_conv2d,0.10000000000000009,0.10000000000000009,1.8994209183599533,2.4906042204950194,1.3112439672642549,7,0.5288317799568176,0.19941869378089905,7,0.578764796257019,0.19376039505004883,1,0,0,0.999765730792773,0.0002342692072270225,0.999765730792773,0.0002342692072270225,0.9996679003523317,0.026159226894378662,0.9428571428571428
sgd_nesterov,150,12,5,5,test_Z,match_landscape,last_conv2d,0.10000000000000009,0.10000000000000009,1.8994209183599533,2.4906042204950194,1.3112439672642549,7,0.5288317799568176,0.19941869378089905,7,0.4715501666069031,0.20823851227760315,1,0,0,0.9996594690703333,0.0003405309296666825,0.9996594690703333,0.0003405309296666825,0.9993283955762488,0.02883133664727211,0.9065420560747663
sgd_nesterov,150,12,5,5,test_Z,match_landscape,last_conv2d,0.10000000000000009,0.10000000000000009,1.8994209183599533,2.4906042204950194,1.3112439672642549,7,0.5288317799568176,0.19941869378089905,7,0.5104588270187378,0.22935770452022552,1,0,0,0.999229846488299,0.000770153511700955,0.999229846488299,0.000770153511700955,0.9989214730083933,0.03869221732020378,1.0
sgd_nesterov,150,12,5,5,test_Z,match_landscape,last_conv2d,0.10000000000000009,0.10000000000000009,1.8994209183599533,2.4906042204950194,1.3112439672642549,7,0.5288317799568176,0.19941869378089905,7,0.5519155263900757,0.17010526359081268,1,0,0,0.9992405003287071,0.0007594996712928515,0.9992405003287071,0.0007594996712928515,0.9990284038629412,0.04037420079112053,0.9805825242718447
sgd_nesterov,150,13,7,7,test_Z,match_landscape,last_conv2d,0.10000000000000009,0.10000000000000009,1.8994209183599533,2.4906042204950194,1.3112439672642549,7,0.8420771956443787,0.8420771956443787,7,0.8315474390983582,0.8315474390983582,1,1,1,0.997633150070679,0.0023668499293210132,0.997633150070679,0.0023668499293210132,0.9932794211030546,0.0636855810880661,0.7
sgd_nesterov,150,13,7,7,test_Z,match_landscape,last_conv2d,0.10000000000000009,0.10000000000000009,1.8994209183599533,2.4906042204950194,1.3112439672642549,7,0.8420771956443787,0.8420771956443787,7,0.8291159272193909,0.8291159272193909,1,1,1,0.9990282311751986,0.0009717688248014333,0.9990282311751986,0.0009717688248014333,0.997028598140464,0.045853111892938614,0.7739130434782608
sgd_nesterov,150,13,7,7,test_Z,match_landscape,last_conv2d,0.10000000000000009,0.10000000000000009,1.8994209183599533,2.4906042204950194,1.3112439672642549,7,0.8420771956443787,0.8420771956443787,7,0.8236854672431946,0.8236854672431946,1,1,1,0.9962439923890549,0.003756007610945078,0.9962439923890549,0.003756007610945078,0.9883547362868105,0.08585603535175323,0.3783783783783784
sgd_nesterov,150,13,7,7,test_Z,match_landscape,last_conv2d,0.10000000000000009,0.10000000000000009,1.8994209183599533,2.4906042204950194,1.3112439672642549,7,0.8420771956443787,0.8420771956443787,7,0.8472248315811157,0.8472248315811157,1,1,1,0.9902263670352789,0.009773632964721113,0.9902263670352789,0.009773632964721113,0.9715021893976264,0.13840138912200928,0.4068965517241379
sgd_nesterov,150,14,9,9,test_Z,match_landscape,last_conv2d,0.10000000000000009,0.10000000000000009,1.8994209183599533,2.4906042204950194,1.3112439672642549,9,0.9644408226013184,0.9644408226013184,9,0.9680297374725342,0.9680297374725342,1,1,1,0.9997788282512657,0.00022117174873426126,0.9997788282512657,0.00022117174873426126,0.9996759171732592,0.021755322813987732,0.9805825242718447
sgd_nesterov,150,14,9,9,test_Z,match_landscape,last_conv2d,0.10000000000000009,0.10000000000000009,1.8994209183599533,2.4906042204950194,1.3112439672642549,9,0.9644408226013184,0.9644408226013184,9,0.9612334966659546,0.9612334966659546,1,1,1,0.9998528620414131,0.00014713795858689593,0.9998528620414131,0.00014713795858689593,0.9997993496631025,0.01779966615140438,1.0
sgd_nesterov,150,14,9,9,test_Z,match_landscape,last_conv2d,0.10000000000000009,0.10000000000000009,1.8994209183599533,2.4906042204950194,1.3112439672642549,9,0.9644408226013184,0.9644408226013184,9,0.9619077444076538,0.9619077444076538,1,1,1,0.9999798197483203,2.018025167971338e-05,0.9999798197483203,2.018025167971338e-05,0.9999559793115456,0.006306965835392475,1.0
sgd_nesterov,150,14,9,9,test_Z,match_landscape,last_conv2d,0.10000000000000009,0.10000000000000009,1.8994209183599533,2.4906042204950194,1.3112439672642549,9,0.9644408226013184,0.9644408226013184,9,0.9670833945274353,0.9670833945274353,1,1,1,0.9999446162757374,5.538372426261429e-05,0.9999446162757374,5.538372426261429e-05,0.9998918365761742,0.010079559870064259,0.9805825242718447
sgd_nesterov,150,16,5,5,test_Z,match_landscape,last_conv2d,0.10000000000000009,0.10000000000000009,1.8994209183599533,2.4906042204950194,1.3112439672642549,5,0.9048601984977722,0.9048601984977722,5,0.9092369079589844,0.9092369079589844,1,1,1,0.9999524514320521,4.7548567947863773e-05,0.9999524514320521,4.7548567947863773e-05,0.9999293549465222,0.011821421794593334,0.9615384615384616
sgd_nesterov,150,16,5,5,test_Z,match_landscape,last_conv2d,0.10000000000000009,0.10000000000000009,1.8994209183599533,2.4906042204950194,1.3112439672642549,5,0.9048601984977722,0.9048601984977722,5,0.8945047855377197,0.8945047855377197,1,1,1,0.9999881864106106,1.1813589389397805e-05,0.9999881864106106,1.1813589389397805e-05,0.9999852064354915,0.00682225963100791,1.0
sgd_nesterov,150,16,5,5,test_Z,match_landscape,last_conv2d,0.10000000000000009,0.10000000000000009,1.8994209183599533,2.4906042204950194,1.3112439672642549,5,0.9048601984977722,0.9048601984977722,5,0.9174718260765076,0.9174718260765076,1,1,1,0.9997803458821768,0.0002196541178232092,0.9997803458821768,0.0002196541178232092,0.9997090089986512,0.028310861438512802,0.9428571428571428
sgd_nesterov,150,16,5,5,test_Z,match_landscape,last_conv2d,0.10000000000000009,0.10000000000000009,1.8994209183599533,2.4906042204950194,1.3112439672642549,5,0.9048601984977722,0.9048601984977722,5,0.8833619356155396,0.8833619356155396,1,1,1,0.9997595949691793,0.00024040503082067843,0.9997595949691793,0.00024040503082067843,0.9997585030037824,0.030557001009583473,1.0
sgd_nesterov,150,17,7,7,test_Z,match_landscape,last_conv2d,0.10000000000000009,0.10000000000000009,1.8994209183599533,2.4906042204950194,1.3112439672642549,7,0.8411287069320679,0.8411287069320679,7,0.8331828117370605,0.8331828117370605,1,1,1,0.99983404999536,0.0001659500046400364,0.99983404999536,0.0001659500046400364,0.9996333129745006,0.020007112994790077,0.9428571428571428
sgd_nesterov,150,17,7,7,test_Z,match_landscape,last_conv2d,0.10000000000000009,0.10000000000000009,1.8994209183599533,2.4906042204950194,1.3112439672642549,7,0.8411287069320679,0.8411287069320679,7,0.8425608277320862,0.8425608277320862,1,1,1,0.9998393773635585,0.00016062263644145425,0.9998393773635585,0.00016062263644145425,0.9996238465257454,0.019504616037011147,1.0
sgd_nesterov,150,17,7,7,test_Z,match_landscape,last_conv2d,0.10000000000000009,0.10000000000000009,1.8994209183599533,2.4906042204950194,1.3112439672642549,7,0.8411287069320679,0.8411287069320679,7,0.8242319822311401,0.8242319822311401,1,1,1,0.9993268690541129,0.0006731309458870571,0.9993268690541129,0.0006731309458870571,0.998363343032878,0.03339695185422897,0.9615384615384616
sgd_nesterov,150,17,7,7,test_Z,match_landscape,last_conv2d,0.10000000000000009,0.10000000000000009,1.8994209183599533,2.4906042204950194,1.3112439672642549,7,0.8411287069320679,0.8411287069320679,7,0.8541037440299988,0.8541037440299988,1,1,1,0.9996524399654061,0.00034756003459390783,0.9996524399654061,0.00034756003459390783,0.9991119320928229,0.024670450016856194,1.0
sgd_nesterov,150,22,4,4,test_Z,match_landscape,last_conv2d,0.10000000000000009,0.10000000000000009,1.8994209183599533,2.4906042204950194,1.3112439672642549,6,0.5189898610115051,0.0985323041677475,6,0.48066049814224243,0.09920065104961395,1,0,0,0.999728242429028,0.0002717575709719755,0.999728242429028,0.0002717575709719755,0.9994488308405701,0.021828321740031242,0.9245283018867925
sgd_nesterov,150,22,4,4,test_Z,match_landscape,last_conv2d,0.10000000000000009,0.10000000000000009,1.8994209183599533,2.4906042204950194,1.3112439672642549,6,0.5189898610115051,0.0985323041677475,6,0.5394770503044128,0.10177448391914368,1,0,0,0.9993535175234373,0.0006464824765627375,0.9993535175234373,0.0006464824765627375,0.9986889498815608,0.03383738175034523,0.9428571428571428
sgd_nesterov,150,22,4,4,test_Z,match_landscape,last_conv2d,0.10000000000000009,0.10000000000000009,1.8994209183599533,2.4906042204950194,1.3112439672642549,6,0.5189898610115051,0.0985323041677475,6,0.5753897428512573,0.0780530497431755,1,0,0,0.9996768714505003,0.00032312854949967384,0.9996768714505003,0.00032312854949967384,0.9993886547778833,0.02431134507060051,0.9428571428571428
sgd_nesterov,150,22,4,4,test_Z,match_landscape,last_conv2d,0.10000000000000009,0.10000000000000009,1.8994209183599533,2.4906042204950194,1.3112439672642549,6,0.5189898610115051,0.0985323041677475,6,0.44101041555404663,0.13002941012382507,1,0,0,0.9996137853097662,0.0003862146902338104,0.9996137853097662,0.0003862146902338104,0.9992212289042557,0.02778918854892254,0.9428571428571428
sgd_nesterov,150,25,2,2,test_Z,match_landscape,last_conv2d,0.10000000000000009,0.10000000000000009,1.8994209183599533,2.4906042204950194,1.3112439672642549,2,0.7636433839797974,0.7636433839797974,2,0.78782057762146,0.78782057762146,1,1,1,0.9999182253075843,8.177469241565927e-05,0.9999182253075843,8.177469241565927e-05,0.9998353156712142,0.013300108723342419,1.0
sgd_nesterov,150,25,2,2,test_Z,match_landscape,last_conv2d,0.10000000000000009,0.10000000000000009,1.8994209183599533,2.4906042204950194,1.3112439672642549,2,0.7636433839797974,0.7636433839797974,2,0.742246687412262,0.742246687412262,1,1,1,0.9997664013624751,0.00023359863752492327,0.9997664013624751,0.00023359863752492327,0.999635249598018,0.018687041476368904,0.9805825242718447
sgd_nesterov,150,25,2,2,test_Z,match_landscape,last_conv2d,0.10000000000000009,0.10000000000000009,1.8994209183599533,2.4906042204950194,1.3112439672642549,2,0.7636433839797974,0.7636433839797974,2,0.8058961033821106,0.8058961033821106,1,1,1,0.9997990674957843,0.00020093250421571174,0.9997990674957843,0.00020093250421571174,0.9995670400381075,0.021963434293866158,0.9615384615384616
sgd_nesterov,150,25,2,2,test_Z,match_landscape,last_conv2d,0.10000000000000009,0.10000000000000009,1.8994209183599533,2.4906042204950194,1.3112439672642549,2,0.7636433839797974,0.7636433839797974,2,0.7195445895195007,0.7195445895195007,1,1,1,0.9997715668344098,0.00022843316559018056,0.9997715668344098,0.00022843316559018056,0.9994970638392734,0.022013351321220398,0.9805825242718447
sgd_nesterov,150,26,4,4,test_Z,match_landscape,last_conv2d,0.10000000000000009,0.10000000000000009,1.8994209183599533,2.4906042204950194,1.3112439672642549,4,0.6953972578048706,0.6953972578048706,4,0.7211829423904419,0.7211829423904419,1,1,1,0.9993980192230667,0.0006019807769332974,0.9993980192230667,0.0006019807769332974,0.9980410447780387,0.03636219725012779,0.9428571428571428
sgd_nesterov,150,26,4,4,test_Z,match_landscape,last_conv2d,0.10000000000000009,0.10000000000000009,1.8994209183599533,2.4906042204950194,1.3112439672642549,4,0.6953972578048706,0.6953972578048706,4,0.6856600642204285,0.6856600642204285,1,1,1,0.9993013151800356,0.0006986848199643791,0.9993013151800356,0.0006986848199643791,0.997432171023873,0.03132383152842522,0.9615384615384616
sgd_nesterov,150,26,4,4,test_Z,match_landscape,last_conv2d,0.10000000000000009,0.10000000000000009,1.8994209183599533,2.4906042204950194,1.3112439672642549,4,0.6953972578048706,0.6953972578048706,4,0.6848569512367249,0.6848569512367249,1,1,1,0.9993475429560581,0.0006524570439419008,0.9993475429560581,0.0006524570439419008,0.996837395667424,0.03091094084084034,0.9428571428571428
sgd_nesterov,150,26,4,4,test_Z,match_landscape,last_conv2d,0.10000000000000009,0.10000000000000009,1.8994209183599533,2.4906042204950194,1.3112439672642549,4,0.6953972578048706,0.6953972578048706,4,0.7131786346435547,0.7131786346435547,1,1,1,0.9995150088971967,0.0004849911028033116,0.9995150088971967,0.0004849911028033116,0.9976459913242268,0.024687189608812332,0.9245283018867925
sgd_nesterov,150,35,2,2,test_Z,match_landscape,last_conv2d,0.10000000000000009,0.10000000000000009,1.8994209183599533,2.4906042204950194,1.3112439672642549,3,0.3756871223449707,0.05214138329029083,3,0.32340332865715027,0.04550791159272194,1,0,0,0.9838064374063389,0.016193562593661115,0.9838064374063389,0.016193562593661115,0.9804665351886976,0.16663403809070587,0.9428571428571428
sgd_nesterov,150,35,2,2,test_Z,match_landscape,last_conv2d,0.10000000000000009,0.10000000000000009,1.8994209183599533,2.4906042204950194,1.3112439672642549,3,0.3756871223449707,0.05214138329029083,3,0.42624616622924805,0.057301584631204605,1,0,0,0.9099091763539396,0.09009082364606036,0.9099091763539396,0.09009082364606036,0.885646466458276,0.509880006313324,1.0
sgd_nesterov,150,35,2,2,test_Z,match_landscape,last_conv2d,0.10000000000000009,0.10000000000000009,1.8994209183599533,2.4906042204950194,1.3112439672642549,3,0.3756871223449707,0.05214138329029083,3,0.3653112053871155,0.06489303708076477,1,0,0,0.9402068087847242,0.05979319121527582,0.9402068087847242,0.05979319121527582,0.9252783235516019,0.3929566740989685,0.9615384615384616
sgd_nesterov,150,35,2,2,test_Z,match_landscape,last_conv2d,0.10000000000000009,0.10000000000000009,1.8994209183599533,2.4906042204950194,1.3112439672642549,3,0.3756871223449707,0.05214138329029083,3,0.36170125007629395,0.04147382080554962,1,0,0,0.9850313127233119,0.014968687276688097,0.9850313127233119,0.014968687276688097,0.9819366351561877,0.1643386334180832,0.9245283018867925
sgd_nesterov,300,0,3,3,test_Z,match_landscape,last_conv2d,0.10000000000000009,0.10000000000000009,2.7441205131925277,4.0756760490022845,1.485239452643651,3,0.9985817670822144,0.9985817670822144,3,0.9977877140045166,0.9977877140045166,1,1,1,0.9998659658166584,0.00013403418334156925,0.9998659658166584,0.00013403418334156925,0.9989892315494019,0.014569594524800777,0.9428571428571428
sgd_nesterov,300,0,3,3,test_Z,match_landscape,last_conv2d,0.10000000000000009,0.10000000000000009,2.7441205131925277,4.0756760490022845,1.485239452643651,3,0.9985817670822144,0.9985817670822144,3,0.9991820454597473,0.9991820454597473,1,1,1,0.9998233574466532,0.00017664255334681744,0.9998233574466532,0.00017664255334681744,0.998648242439357,0.016751347109675407,0.9615384615384616
sgd_nesterov,300,0,3,3,test_Z,match_landscape,last_conv2d,0.10000000000000009,0.10000000000000009,2.7441205131925277,4.0756760490022845,1.485239452643651,3,0.9985817670822144,0.9985817670822144,3,0.9985496401786804,0.9985496401786804,1,1,1,0.9993928211719759,0.0006071788280240797,0.9993928211719759,0.0006071788280240797,0.9954820494132779,0.034325458109378815,0.8715596330275229
sgd_nesterov,300,0,3,3,test_Z,match_landscape,last_conv2d,0.10000000000000009,0.10000000000000009,2.7441205131925277,4.0756760490022845,1.485239452643651,3,0.9985817670822144,0.9985817670822144,3,0.998728334903717,0.998728334903717,1,1,1,0.999400565866966,0.0005994341330339825,0.999400565866966,0.0005994341330339825,0.9958021507502623,0.0450885109603405,0.8378378378378378
sgd_nesterov,300,1,8,8,test_Z,match_landscape,last_conv2d,0.10000000000000009,0.10000000000000009,2.7441205131925277,4.0756760490022845,1.485239452643651,8,0.999721348285675,0.999721348285675,8,0.9998065829277039,0.9998065829277039,1,1,1,0.9985643499736047,0.001435650026395341,0.9985643499736047,0.001435650026395341,0.9821047435803455,0.05173567682504654,0.6859504132231405
sgd_nesterov,300,1,8,8,test_Z,match_landscape,last_conv2d,0.10000000000000009,0.10000000000000009,2.7441205131925277,4.0756760490022845,1.485239452643651,8,0.999721348285675,0.999721348285675,8,0.9995607733726501,0.9995607733726501,1,1,1,0.9990519518233646,0.0009480481766354076,0.9990519518233646,0.0009480481766354076,0.9886473563227764,0.050748761743307114,0.7142857142857143
sgd_nesterov,300,1,8,8,test_Z,match_landscape,last_conv2d,0.10000000000000009,0.10000000000000009,2.7441205131925277,4.0756760490022845,1.485239452643651,8,0.999721348285675,0.999721348285675,8,0.9998260140419006,0.9998260140419006,1,1,1,0.9997317365770142,0.00026826342298580386,0.9997317365770142,0.00026826342298580386,0.9968235185124503,0.01973150297999382,0.7894736842105263
sgd_nesterov,300,1,8,8,test_Z,match_landscape,last_conv2d,0.10000000000000009,0.10000000000000009,2.7441205131925277,4.0756760490022845,1.485239452643651,8,0.999721348285675,0.999721348285675,8,0.999531626701355,0.999531626701355,1,1,1,0.9996609189414211,0.00033908105857893833,0.9996609189414211,0.00033908105857893833,0.9968708845370133,0.02189827524125576,0.8888888888888888
sgd_nesterov,300,2,8,8,test_Z,match_landscape,last_conv2d,0.10000000000000009,0.10000000000000009,2.7441205131925277,4.0756760490022845,1.485239452643651,8,0.5585370659828186,0.5585370659828186,8,0.7161104679107666,0.7161104679107666,1,1,1,0.9983767579480921,0.0016232420519078916,0.9983767579480921,0.0016232420519078916,0.9901283649360911,0.06407401710748672,0.4166666666666667
sgd_nesterov,300,2,8,8,test_Z,match_landscape,last_conv2d,0.10000000000000009,0.10000000000000009,2.7441205131925277,4.0756760490022845,1.485239452643651,8,0.5585370659828186,0.5585370659828186,1,0.50892174243927,0.4798309803009033,0,1,0,0.9989516957596105,0.001048304240389486,0.9989516957596105,0.001048304240389486,0.9926556459720363,0.04317893460392952,0.6859504132231405
sgd_nesterov,300,2,8,8,test_Z,match_landscape,last_conv2d,0.10000000000000009,0.10000000000000009,2.7441205131925277,4.0756760490022845,1.485239452643651,8,0.5585370659828186,0.5585370659828186,1,0.8799595832824707,0.11364371329545975,0,1,0,0.9960093916826487,0.0039906083173513185,0.9960093916826487,0.0039906083173513185,0.9784105107792884,0.07957199960947037,0.275
sgd_nesterov,300,2,8,8,test_Z,match_landscape,last_conv2d,0.10000000000000009,0.10000000000000009,2.7441205131925277,4.0756760490022845,1.485239452643651,8,0.5585370659828186,0.5585370659828186,8,0.6275436282157898,0.6275436282157898,1,1,1,0.9997218755799506,0.0002781244200493749,0.9997218755799506,0.0002781244200493749,0.998060905170125,0.021611569449305534,0.8545454545454545
sgd_nesterov,300,3,0,0,test_Z,match_landscape,last_conv2d,0.10000000000000009,0.10000000000000009,2.7441205131925277,4.0756760490022845,1.485239452643651,0,0.9221565127372742,0.9221565127372742,0,0.9395440220832825,0.9395440220832825,1,1,1,0.9979291301478781,0.0020708698521219038,0.9979291301478781,0.0020708698521219038,0.9777036318405612,0.059221379458904266,0.7586206896551724
sgd_nesterov,300,3,0,0,test_Z,match_landscape,last_conv2d,0.10000000000000009,0.10000000000000009,2.7441205131925277,4.0756760490022845,1.485239452643651,0,0.9221565127372742,0.9221565127372742,0,0.9081220626831055,0.9081220626831055,1,1,1,0.9987227909668945,0.0012772090331054642,0.9987227909668945,0.0012772090331054642,0.9857699541974663,0.050375018268823624,0.6062992125984252
sgd_nesterov,300,3,0,0,test_Z,match_landscape,last_conv2d,0.10000000000000009,0.10000000000000009,2.7441205131925277,4.0756760490022845,1.485239452643651,0,0.9221565127372742,0.9221565127372742,0,0.8447589874267578,0.8447589874267578,1,1,1,0.9984629502023876,0.0015370497976123776,0.9984629502023876,0.0015370497976123776,0.9828042809896123,0.05280797556042671,0.632
sgd_nesterov,300,3,0,0,test_Z,match_landscape,last_conv2d,0.10000000000000009,0.10000000000000009,2.7441205131925277,4.0756760490022845,1.485239452643651,0,0.9221565127372742,0.9221565127372742,0,0.9200928807258606,0.9200928807258606,1,1,1,0.9989344963971049,0.001065503602895146,0.9989344963971049,0.001065503602895146,0.9882680687425305,0.039793673902750015,0.7894736842105263
sgd_nesterov,300,4,6,6,test_Z,match_landscape,last_conv2d,0.10000000000000009,0.10000000000000009,2.7441205131925277,4.0756760490022845,1.485239452643651,6,0.9996182918548584,0.9996182918548584,6,0.9994246959686279,0.9994246959686279,1,1,1,0.9994247601199793,0.0005752398800207281,0.9994247601199793,0.0005752398800207281,0.9967472052196882,0.025968758389353752,0.9245283018867925
sgd_nesterov,300,4,6,6,test_Z,match_landscape,last_conv2d,0.10000000000000009,0.10000000000000009,2.7441205131925277,4.0756760490022845,1.485239452643651,6,0.9996182918548584,0.9996182918548584,6,0.9997307658195496,0.9997307658195496,1,1,1,0.9995372618419608,0.0004627381580392109,0.9995372618419608,0.0004627381580392109,0.9970265604778517,0.03747209906578064,0.9245283018867925
sgd_nesterov,300,4,6,6,test_Z,match_landscape,last_conv2d,0.10000000000000009,0.10000000000000009,2.7441205131925277,4.0756760490022845,1.485239452643651,6,0.9996182918548584,0.9996182918548584,6,0.9996860027313232,0.9996860027313232,1,1,1,0.9986415333583533,0.0013584666416467384,0.9986415333583533,0.0013584666416467384,0.9906622972128006,0.045230939984321594,0.6585365853658537
sgd_nesterov,300,4,6,6,test_Z,match_landscape,last_conv2d,0.10000000000000009,0.10000000000000009,2.7441205131925277,4.0756760490022845,1.485239452643651,6,0.9996182918548584,0.9996182918548584,6,0.9990505576133728,0.9990505576133728,1,1,1,0.9983375775948152,0.0016624224051847714,0.9983375775948152,0.0016624224051847714,0.9914327503085708,0.056002527475357056,0.7586206896551724
sgd_nesterov,300,5,6,6,test_Z,match_landscape,last_conv2d,0.10000000000000009,0.10000000000000009,2.7441205131925277,4.0756760490022845,1.485239452643651,6,0.9951744675636292,0.9951744675636292,6,0.9816942811012268,0.9816942811012268,1,1,1,0.998478104682987,0.0015218953170129668,0.998478104682987,0.0015218953170129668,0.9931355013901341,0.0720379576086998,0.632
sgd_nesterov,300,5,6,6,test_Z,match_landscape,last_conv2d,0.10000000000000009,0.10000000000000009,2.7441205131925277,4.0756760490022845,1.485239452643651,6,0.9951744675636292,0.9951744675636292,6,0.9987565279006958,0.9987565279006958,1,1,1,0.9981461498048335,0.0018538501951664843,0.9981461498048335,0.0018538501951664843,0.9902756348402566,0.09528712183237076,0.59375
sgd_nesterov,300,5,6,6,test_Z,match_landscape,last_conv2d,0.10000000000000009,0.10000000000000009,2.7441205131925277,4.0756760490022845,1.485239452643651,6,0.9951744675636292,0.9951744675636292,6,0.9937885403633118,0.9937885403633118,1,1,1,0.9989873136405646,0.0010126863594354107,0.9989873136405646,0.0010126863594354107,0.9940747514828611,0.04784515127539635,0.7
sgd_nesterov,300,5,6,6,test_Z,match_landscape,last_conv2d,0.10000000000000009,0.10000000000000009,2.7441205131925277,4.0756760490022845,1.485239452643651,6,0.9951744675636292,0.9951744675636292,6,0.9954600930213928,0.9954600930213928,1,1,1,0.998075227334051,0.0019247726659490372,0.998075227334051,0.0019247726659490372,0.987971511934166,0.05960213392972946,0.7142857142857143
sgd_nesterov,300,6,1,1,test_Z,match_landscape,last_conv2d,0.10000000000000009,0.10000000000000009,2.7441205131925277,4.0756760490022845,1.485239452643651,1,0.9654215574264526,0.9654215574264526,1,0.9718644618988037,0.9718644618988037,1,1,1,0.9990948224985159,0.0009051775014841112,0.9990948224985159,0.0009051775014841112,0.989848674002428,0.03710602596402168,0.6451612903225806
sgd_nesterov,300,6,1,1,test_Z,match_landscape,last_conv2d,0.10000000000000009,0.10000000000000009,2.7441205131925277,4.0756760490022845,1.485239452643651,1,0.9654215574264526,0.9654215574264526,1,0.9765928983688354,0.9765928983688354,1,1,1,0.9958796162124542,0.004120383787545756,0.9958796162124542,0.004120383787545756,0.9527939967772175,0.08620525896549225,0.25153374233128833
sgd_nesterov,300,6,1,1,test_Z,match_landscape,last_conv2d,0.10000000000000009,0.10000000000000009,2.7441205131925277,4.0756760490022845,1.485239452643651,1,0.9654215574264526,0.9654215574264526,1,0.9533164501190186,0.9533164501190186,1,1,1,0.9994554913339173,0.0005445086660826881,0.9994554913339173,0.0005445086660826881,0.99494054300314,0.03323189169168472,0.7739130434782608
sgd_nesterov,300,6,1,1,test_Z,match_landscape,last_conv2d,0.10000000000000009,0.10000000000000009,2.7441205131925277,4.0756760490022845,1.485239452643651,1,0.9654215574264526,0.9654215574264526,1,0.9762743711471558,0.9762743711471558,1,1,1,0.9992447916720443,0.0007552083279557253,0.9992447916720443,0.0007552083279557253,0.9934135928009158,0.03428570553660393,0.6190476190476191
sgd_nesterov,300,8,3,3,test_Z,match_landscape,last_conv2d,0.10000000000000009,0.10000000000000009,2.7441205131925277,4.0756760490022845,1.485239452643651,3,0.9992873072624207,0.9992873072624207,3,0.9990789890289307,0.9990789890289307,1,1,1,0.9994628201288629,0.0005371798711371056,0.9994628201288629,0.0005371798711371056,0.9954602160332663,0.029914112761616707,0.9065420560747663
sgd_nesterov,300,8,3,3,test_Z,match_landscape,last_conv2d,0.10000000000000009,0.10000000000000009,2.7441205131925277,4.0756760490022845,1.485239452643651,3,0.9992873072624207,0.9992873072624207,3,0.9993744492530823,0.9993744492530823,1,1,1,0.999667890289742,0.0003321097102579884,0.999667890289742,0.0003321097102579884,0.9970755290379612,0.027593465521931648,0.9065420560747663
sgd_nesterov,300,8,3,3,test_Z,match_landscape,last_conv2d,0.10000000000000009,0.10000000000000009,2.7441205131925277,4.0756760490022845,1.485239452643651,3,0.9992873072624207,0.9992873072624207,3,0.9988358616828918,0.9988358616828918,1,1,1,0.9993343732805354,0.0006656267194645737,0.9993343732805354,0.0006656267194645737,0.9940963146377041,0.030465522781014442,0.8053097345132744
sgd_nesterov,300,8,3,3,test_Z,match_landscape,last_conv2d,0.10000000000000009,0.10000000000000009,2.7441205131925277,4.0756760490022845,1.485239452643651,3,0.9992873072624207,0.9992873072624207,3,0.9994179010391235,0.9994179010391235,1,1,1,0.9997284260233594,0.00027157397664057115,0.9997284260233594,0.00027157397664057115,0.9977955699347479,0.029338082298636436,0.9245283018867925
sgd_nesterov,300,9,1,1,test_Z,match_landscape,last_conv2d,0.10000000000000009,0.10000000000000009,2.7441205131925277,4.0756760490022845,1.485239452643651,1,0.9655452370643616,0.9655452370643616,1,0.9935895204544067,0.9935895204544067,1,1,1,0.9959044772502669,0.004095522749733127,0.9959044772502669,0.004095522749733127,0.9485472136124958,0.07929034531116486,0.3691275167785235
sgd_nesterov,300,9,1,1,test_Z,match_landscape,last_conv2d,0.10000000000000009,0.10000000000000009,2.7441205131925277,4.0756760490022845,1.485239452643651,1,0.9655452370643616,0.9655452370643616,1,0.9336860775947571,0.9336860775947571,1,1,1,0.9967429283946313,0.0032570716053687,0.9967429283946313,0.0032570716053687,0.972311068650332,0.06753508746623993,0.4676258992805755
sgd_nesterov,300,9,1,1,test_Z,match_landscape,last_conv2d,0.10000000000000009,0.10000000000000009,2.7441205131925277,4.0756760490022845,1.485239452643651,1,0.9655452370643616,0.9655452370643616,1,0.980977475643158,0.980977475643158,1,1,1,0.9988646683930152,0.0011353316069847574,0.9988646683930152,0.0011353316069847574,0.9842369268028694,0.03819015249609947,0.7
sgd_nesterov,300,9,1,1,test_Z,match_landscape,last_conv2d,0.10000000000000009,0.10000000000000009,2.7441205131925277,4.0756760490022845,1.485239452643651,1,0.9655452370643616,0.9655452370643616,1,0.9596135020256042,0.9596135020256042,1,1,1,0.9994202021330602,0.0005797978669398463,0.9994202021330602,0.0005797978669398463,0.9921285901494388,0.035272132605314255,0.7142857142857143
sgd_nesterov,300,10,0,0,test_Z,match_landscape,last_conv2d,0.10000000000000009,0.10000000000000009,2.7441205131925277,4.0756760490022845,1.485239452643651,0,0.9997683167457581,0.9997683167457581,0,0.9996322393417358,0.9996322393417358,1,1,1,0.9998044999533406,0.00019550004665935816,0.9998044999533406,0.00019550004665935816,0.9989651404389763,0.021992187947034836,0.9428571428571428
sgd_nesterov,300,10,0,0,test_Z,match_landscape,last_conv2d,0.10000000000000009,0.10000000000000009,2.7441205131925277,4.0756760490022845,1.485239452643651,0,0.9997683167457581,0.9997683167457581,0,0.9998014569282532,0.9998014569282532,1,1,1,0.9997907189674026,0.00020928103259743036,0.9997907189674026,0.00020928103259743036,0.9983373873386712,0.021669546142220497,0.9428571428571428
sgd_nesterov,300,10,0,0,test_Z,match_landscape,last_conv2d,0.10000000000000009,0.10000000000000009,2.7441205131925277,4.0756760490022845,1.485239452643651,0,0.9997683167457581,0.9997683167457581,0,0.9997124075889587,0.9997124075889587,1,1,1,0.9990690107704905,0.0009309892295095157,0.9990690107704905,0.0009309892295095157,0.9925853568780635,0.05317419767379761,0.7142857142857143
sgd_nesterov,300,10,0,0,test_Z,match_landscape,last_conv2d,0.10000000000000009,0.10000000000000009,2.7441205131925277,4.0756760490022845,1.485239452643651,0,0.9997683167457581,0.9997683167457581,0,0.9997854828834534,0.9997854828834534,1,1,1,0.9995453329976837,0.0004546670023163335,0.9995453329976837,0.0004546670023163335,0.9969452694503157,0.02916090376675129,0.8888888888888888
sgd_nesterov,300,11,9,9,test_Z,match_landscape,last_conv2d,0.10000000000000009,0.10000000000000009,2.7441205131925277,4.0756760490022845,1.485239452643651,9,0.9991366267204285,0.9991366267204285,9,0.9989533424377441,0.9989533424377441,1,1,1,0.9998714772475978,0.00012852275240216038,0.9998714772475978,0.00012852275240216038,0.9981316024601884,0.018042976036667824,0.7142857142857143
sgd_nesterov,300,11,9,9,test_Z,match_landscape,last_conv2d,0.10000000000000009,0.10000000000000009,2.7441205131925277,4.0756760490022845,1.485239452643651,9,0.9991366267204285,0.9991366267204285,9,0.9993590712547302,0.9993590712547302,1,1,1,0.9999193650697158,8.063493028420687e-05,0.9999193650697158,8.063493028420687e-05,0.9989865420722338,0.012628423050045967,0.8378378378378378
sgd_nesterov,300,11,9,9,test_Z,match_landscape,last_conv2d,0.10000000000000009,0.10000000000000009,2.7441205131925277,4.0756760490022845,1.485239452643651,9,0.9991366267204285,0.9991366267204285,9,0.9991689920425415,0.9991689920425415,1,1,1,0.999638042742115,0.000361957257885015,0.999638042742115,0.000361957257885015,0.9951663158058666,0.024413319304585457,0.7739130434782608
sgd_nesterov,300,11,9,9,test_Z,match_landscape,last_conv2d,0.10000000000000009,0.10000000000000009,2.7441205131925277,4.0756760490022845,1.485239452643651,9,0.9991366267204285,0.9991366267204285,9,0.9989798665046692,0.9989798665046692,1,1,1,0.9996737430159428,0.00032625698405719383,0.9996737430159428,0.00032625698405719383,0.9958453749433088,0.019178450107574463,0.8378378378378378
sgd_nesterov,300,12,5,5,test_Z,match_landscape,last_conv2d,0.10000000000000009,0.10000000000000009,2.7441205131925277,4.0756760490022845,1.485239452643651,5,0.9966110587120056,0.9966110587120056,5,0.9898968935012817,0.9898968935012817,1,1,1,0.9983327824754902,0.001667217524509823,0.9983327824754902,0.001667217524509823,0.9931268346353203,0.05409447103738785,0.7
sgd_nesterov,300,12,5,5,test_Z,match_landscape,last_conv2d,0.10000000000000009,0.10000000000000009,2.7441205131925277,4.0756760490022845,1.485239452643651,5,0.9966110587120056,0.9966110587120056,5,0.9984655380249023,0.9984655380249023,1,1,1,0.9986097444690009,0.0013902555309991405,0.9986097444690009,0.0013902555309991405,0.9929843856235109,0.05146923288702965,0.6721311475409836
sgd_nesterov,300,12,5,5,test_Z,match_landscape,last_conv2d,0.10000000000000009,0.10000000000000009,2.7441205131925277,4.0756760490022845,1.485239452643651,5,0.9966110587120056,0.9966110587120056,5,0.9991371035575867,0.9991371035575867,1,1,1,0.9993691342162727,0.0006308657837272857,0.9993691342162727,0.0006308657837272857,0.9958440025644224,0.03620822727680206,0.7435897435897436
sgd_nesterov,300,12,5,5,test_Z,match_landscape,last_conv2d,0.10000000000000009,0.10000000000000009,2.7441205131925277,4.0756760490022845,1.485239452643651,5,0.9966110587120056,0.9966110587120056,5,0.9860954880714417,0.9860954880714417,1,1,1,0.9989132632357058,0.0010867367642941606,0.9989132632357058,0.0010867367642941606,0.9952842968840535,0.0563245490193367,0.8214285714285714
sgd_nesterov,300,13,7,7,test_Z,match_landscape,last_conv2d,0.10000000000000009,0.10000000000000009,2.7441205131925277,4.0756760490022845,1.485239452643651,7,0.9994152784347534,0.9994152784347534,7,0.9993818998336792,0.9993818998336792,1,1,1,0.9998521855292841,0.00014781447071587905,0.9998521855292841,0.00014781447071587905,0.9971971145978672,0.014732968993484974,0.9245283018867925
sgd_nesterov,300,13,7,7,test_Z,match_landscape,last_conv2d,0.10000000000000009,0.10000000000000009,2.7441205131925277,4.0756760490022845,1.485239452643651,7,0.9994152784347534,0.9994152784347534,7,0.9994926452636719,0.9994926452636719,1,1,1,0.9995599177642739,0.0004400822357261136,0.9995599177642739,0.0004400822357261136,0.9922388761290563,0.037309419363737106,0.8214285714285714
sgd_nesterov,300,13,7,7,test_Z,match_landscape,last_conv2d,0.10000000000000009,0.10000000000000009,2.7441205131925277,4.0756760490022845,1.485239452643651,7,0.9994152784347534,0.9994152784347534,7,0.9990836381912231,0.9990836381912231,1,1,1,0.9989420412570288,0.00105795874297121,0.9989420412570288,0.00105795874297121,0.9804810181185863,0.04079846292734146,0.8053097345132744
sgd_nesterov,300,13,7,7,test_Z,match_landscape,last_conv2d,0.10000000000000009,0.10000000000000009,2.7441205131925277,4.0756760490022845,1.485239452643651,7,0.9994152784347534,0.9994152784347534,7,0.9995772242546082,0.9995772242546082,1,1,1,0.9990935631113703,0.0009064368886296803,0.9990935631113703,0.0009064368886296803,0.9856158897796632,0.05996603146195412,0.7586206896551724
sgd_nesterov,300,14,9,9,test_Z,match_landscape,last_conv2d,0.10000000000000009,0.10000000000000009,2.7441205131925277,4.0756760490022845,1.485239452643651,9,0.9990344047546387,0.9990344047546387,9,0.9989829659461975,0.9989829659461975,1,1,1,0.9993005260599483,0.0006994739400516536,0.9993005260599483,0.0006994739400516536,0.99124488107267,0.03264725208282471,0.7586206896551724
sgd_nesterov,300,14,9,9,test_Z,match_landscape,last_conv2d,0.10000000000000009,0.10000000000000009,2.7441205131925277,4.0756760490022845,1.485239452643651,9,0.9990344047546387,0.9990344047546387,9,0.9991450309753418,0.9991450309753418,1,1,1,0.9995083949068917,0.0004916050931083049,0.9995083949068917,0.0004916050931083049,0.9938542696369617,0.027004003524780273,0.8214285714285714
sgd_nesterov,300,14,9,9,test_Z,match_landscape,last_conv2d,0.10000000000000009,0.10000000000000009,2.7441205131925277,4.0756760490022845,1.485239452643651,9,0.9990344047546387,0.9990344047546387,9,0.9987834095954895,0.9987834095954895,1,1,1,0.9999204105522913,7.958944770869447e-05,0.9999204105522913,7.958944770869447e-05,0.9989687467776633,0.014762796461582184,0.8545454545454545
sgd_nesterov,300,14,9,9,test_Z,match_landscape,last_conv2d,0.10000000000000009,0.10000000000000009,2.7441205131925277,4.0756760490022845,1.485239452643651,9,0.9990344047546387,0.9990344047546387,9,0.9991687536239624,0.9991687536239624,1,1,1,0.9998323922418463,0.00016760775815372053,0.9998323922418463,0.00016760775815372053,0.997782592683285,0.016948692500591278,0.8545454545454545
sgd_nesterov,300,16,5,5,test_Z,match_landscape,last_conv2d,0.10000000000000009,0.10000000000000009,2.7441205131925277,4.0756760490022845,1.485239452643651,5,0.9978995323181152,0.9978995323181152,5,0.998683512210846,0.998683512210846,1,1,1,0.9989590986726212,0.0010409013273787737,0.9989590986726212,0.0010409013273787737,0.9903003012502225,0.038364920765161514,0.6721311475409836
sgd_nesterov,300,16,5,5,test_Z,match_landscape,last_conv2d,0.10000000000000009,0.10000000000000009,2.7441205131925277,4.0756760490022845,1.485239452643651,5,0.9978995323181152,0.9978995323181152,5,0.9980687499046326,0.9980687499046326,1,1,1,0.9993000275895981,0.0006999724104018723,0.9993000275895981,0.0006999724104018723,0.9943872450702098,0.03265475109219551,0.7
sgd_nesterov,300,16,5,5,test_Z,match_landscape,last_conv2d,0.10000000000000009,0.10000000000000009,2.7441205131925277,4.0756760490022845,1.485239452643651,5,0.9978995323181152,0.9978995323181152,5,0.9991405010223389,0.9991405010223389,1,1,1,0.9996602046826388,0.00033979531736116897,0.9996602046826388,0.00033979531736116897,0.9970700660288755,0.021397186443209648,0.7894736842105263
sgd_nesterov,300,16,5,5,test_Z,match_landscape,last_conv2d,0.10000000000000009,0.10000000000000009,2.7441205131925277,4.0756760490022845,1.485239452643651,5,0.9978995323181152,0.9978995323181152,5,0.9974688291549683,0.9974688291549683,1,1,1,0.9996760060095546,0.00032399399044535926,0.9996760060095546,0.00032399399044535926,0.9971911044589602,0.0264576505869627,0.7739130434782608
sgd_nesterov,300,17,7,7,test_Z,match_landscape,last_conv2d,0.10000000000000009,0.10000000000000009,2.7441205131925277,4.0756760490022845,1.485239452643651,7,0.9995680451393127,0.9995680451393127,7,0.9994708895683289,0.9994708895683289,1,1,1,0.9996862985122845,0.0003137014877154787,0.9996862985122845,0.0003137014877154787,0.9975999266402855,0.030352938920259476,0.9245283018867925
sgd_nesterov,300,17,7,7,test_Z,match_landscape,last_conv2d,0.10000000000000009,0.10000000000000009,2.7441205131925277,4.0756760490022845,1.485239452643651,7,0.9995680451393127,0.9995680451393127,7,0.9995797276496887,0.9995797276496887,1,1,1,0.9995049049622686,0.0004950950377313745,0.9995049049622686,0.0004950950377313745,0.9949813071017789,0.032178256660699844,0.9245283018867925
sgd_nesterov,300,17,7,7,test_Z,match_landscape,last_conv2d,0.10000000000000009,0.10000000000000009,2.7441205131925277,4.0756760490022845,1.485239452643651,7,0.9995680451393127,0.9995680451393127,7,0.9993446469306946,0.9993446469306946,1,1,1,0.9985541935073028,0.0014458064926972103,0.9985541935073028,0.0014458064926972103,0.9851790969162855,0.046197935938835144,0.8545454545454545
sgd_nesterov,300,17,7,7,test_Z,match_landscape,last_conv2d,0.10000000000000009,0.10000000000000009,2.7441205131925277,4.0756760490022845,1.485239452643651,7,0.9995680451393127,0.9995680451393127,7,0.9995729327201843,0.9995729327201843,1,1,1,0.9990449936709587,0.0009550063290413302,0.9990449936709587,0.0009550063290413302,0.990665085045346,0.03872084245085716,0.9245283018867925
sgd_nesterov,300,22,4,4,test_Z,match_landscape,last_conv2d,0.10000000000000009,0.10000000000000009,2.7441205131925277,4.0756760490022845,1.485239452643651,4,0.737756073474884,0.737756073474884,3,0.39953407645225525,0.34022223949432373,0,1,0,0.9609855103199062,0.0390144896800938,0.9609855103199062,0.0390144896800938,0.8313735399128588,0.26253557205200195,0.2911392405063291
sgd_nesterov,300,22,4,4,test_Z,match_landscape,last_conv2d,0.10000000000000009,0.10000000000000009,2.7441205131925277,4.0756760490022845,1.485239452643651,4,0.737756073474884,0.737756073474884,4,0.9494227766990662,0.9494227766990662,1,1,1,0.9732418854281217,0.026758114571878266,0.9732418854281217,0.026758114571878266,0.8077342452052734,0.21639662981033325,0.5572519083969466
sgd_nesterov,300,22,4,4,test_Z,match_landscape,last_conv2d,0.10000000000000009,0.10000000000000009,2.7441205131925277,4.0756760490022845,1.485239452643651,4,0.737756073474884,0.737756073474884,4,0.6648015379905701,0.6648015379905701,1,1,1,0.9989843074715407,0.0010156925284593443,0.9989843074715407,0.0010156925284593443,0.9930255048708821,0.04275321215391159,0.9065420560747663
sgd_nesterov,300,22,4,4,test_Z,match_landscape,last_conv2d,0.10000000000000009,0.10000000000000009,2.7441205131925277,4.0756760490022845,1.485239452643651,4,0.737756073474884,0.737756073474884,4,0.7908099293708801,0.7908099293708801,1,1,1,0.9993334890097165,0.0006665109902834754,0.9993334890097165,0.0006665109902834754,0.9957800563946613,0.05133353918790817,0.8888888888888888
sgd_nesterov,300,25,2,2,test_Z,match_landscape,last_conv2d,0.10000000000000009,0.10000000000000009,2.7441205131925277,4.0756760490022845,1.485239452643651,2,0.9495157599449158,0.9495157599449158,2,0.9110062122344971,0.9110062122344971,1,1,1,0.9941041252626197,0.005895874737380291,0.9941041252626197,0.005895874737380291,0.9787021430730407,0.10238245129585266,0.5572519083969466
sgd_nesterov,300,25,2,2,test_Z,match_landscape,last_conv2d,0.10000000000000009,0.10000000000000009,2.7441205131925277,4.0756760490022845,1.485239452643651,2,0.9495157599449158,0.9495157599449158,2,0.9822676777839661,0.9822676777839661,1,1,1,0.9978424251472425,0.002157574852757471,0.9978424251472425,0.002157574852757471,0.9888156490386955,0.06507252156734467,0.7
sgd_nesterov,300,25,2,2,test_Z,match_landscape,last_conv2d,0.10000000000000009,0.10000000000000009,2.7441205131925277,4.0756760490022845,1.485239452643651,2,0.9495157599449158,0.9495157599449158,2,0.952022135257721,0.952022135257721,1,1,1,0.9944463309123406,0.005553669087659419,0.9944463309123406,0.005553669087659419,0.9736283333308425,0.0928477942943573,0.5813953488372093
sgd_nesterov,300,25,2,2,test_Z,match_landscape,last_conv2d,0.10000000000000009,0.10000000000000009,2.7441205131925277,4.0756760490022845,1.485239452643651,2,0.9495157599449158,0.9495157599449158,2,0.9479359984397888,0.9479359984397888,1,1,1,0.996166333563343,0.003833666436656946,0.996166333563343,0.003833666436656946,0.9887509911952352,0.08204798400402069,0.6585365853658537
sgd_nesterov,300,26,4,4,test_Z,match_landscape,last_conv2d,0.10000000000000009,0.10000000000000009,2.7441205131925277,4.0756760490022845,1.485239452643651,3,0.835159182548523,0.14896906912326813,3,0.6002014875411987,0.3697318136692047,1,0,0,0.9985548932132221,0.0014451067867778944,0.9985548932132221,0.0014451067867778944,0.9935660113840096,0.05053175240755081,0.8214285714285714
sgd_nesterov,300,26,4,4,test_Z,match_landscape,last_conv2d,0.10000000000000009,0.10000000000000009,2.7441205131925277,4.0756760490022845,1.485239452643651,3,0.835159182548523,0.14896906912326813,3,0.9333301186561584,0.057131387293338776,1,0,0,0.9977153337799815,0.0022846662200185497,0.9977153337799815,0.0022846662200185497,0.987432800830872,0.05906589701771736,0.7586206896551724
sgd_nesterov,300,26,4,4,test_Z,match_landscape,last_conv2d,0.10000000000000009,0.10000000000000009,2.7441205131925277,4.0756760490022845,1.485239452643651,3,0.835159182548523,0.14896906912326813,3,0.8535810708999634,0.13074682652950287,1,0,0,0.9980637708606789,0.0019362291393211217,0.9980637708606789,0.0019362291393211217,0.9893142161931676,0.05129728838801384,0.7586206896551724
sgd_nesterov,300,26,4,4,test_Z,match_landscape,last_conv2d,0.10000000000000009,0.10000000000000009,2.7441205131925277,4.0756760490022845,1.485239452643651,3,0.835159182548523,0.14896906912326813,3,0.8743069767951965,0.10761532932519913,1,0,0,0.9948800081566068,0.005119991843393179,0.9948800081566068,0.005119991843393179,0.9792768281015043,0.09414698928594589,0.7435897435897436
sgd_nesterov,300,35,2,2,test_Z,match_landscape,last_conv2d,0.10000000000000009,0.10000000000000009,2.7441205131925277,4.0756760490022845,1.485239452643651,3,0.6512659788131714,0.03454957157373428,3,0.4375881254673004,0.10252966731786728,1,0,0,0.973689784320501,0.026310215679498983,0.973689784320501,0.026310215679498983,0.9626651299893095,0.22328917682170868,0.8545454545454545
sgd_nesterov,300,35,2,2,test_Z,match_landscape,last_conv2d,0.10000000000000009,0.10000000000000009,2.7441205131925277,4.0756760490022845,1.485239452643651,3,0.6512659788131714,0.03454957157373428,3,0.6382576823234558,0.011736231856048107,1,0,0,0.9660230060327994,0.03397699396720055,0.9660230060327994,0.03397699396720055,0.9606858675197275,0.25539106130599976,0.8214285714285714
sgd_nesterov,300,35,2,2,test_Z,match_landscape,last_conv2d,0.10000000000000009,0.10000000000000009,2.7441205131925277,4.0756760490022845,1.485239452643651,3,0.6512659788131714,0.03454957157373428,3,0.8179120421409607,0.011521265842020512,1,0,0,0.9564226425904032,0.043577357409596784,0.9564226425904032,0.043577357409596784,0.9393595294187437,0.29321667551994324,0.7739130434782608
sgd_nesterov,300,35,2,2,test_Z,match_landscape,last_conv2d,0.10000000000000009,0.10000000000000009,2.7441205131925277,4.0756760490022845,1.485239452643651,3,0.6512659788131714,0.03454957157373428,3,0.5335055589675903,0.048601556569337845,1,0,0,0.9962161738500882,0.0037838261499117953,0.9962161738500882,0.0037838261499117953,0.9943964823645157,0.09385789185762405,0.8888888888888888
