experiment,epoch,image_index,ground_truth,target,landscape_split,bn_mode,n_steps,perturbation,epsilon_alpha,epsilon_beta,lambda_min,lambda_max,anisotropy,center_prediction,center_confidence,center_target_probability,perturbed_prediction,perturbed_confidence,perturbed_target_probability,prediction_unchanged,center_correct,perturbed_correct,center_ig_delta,perturbed_ig_delta,signed_cosine,signed_cosine_distance,magnitude_cosine,magnitude_cosine_distance,magnitude_pearson,relative_l1,top_k_overlap
sgd_nesterov,150,0,3,3,test_Z,match_landscape,50,plus_d1,0.10000000000000009,0.10000000000000009,1.8994209183599533,2.4906042204950194,1.3112439672642549,3,0.9292861223220825,0.9292861223220825,3,0.9105933308601379,0.9105933308601379,1,1,1,-0.052516937255859375,-0.0528721809387207,0.990492817040859,0.009507182959140992,0.9929331398059156,0.007066860194084423,0.9887423773311332,0.12570489943027496,0.8378378378378378
sgd_nesterov,150,0,3,3,test_Z,match_landscape,50,minus_d1,0.10000000000000009,0.10000000000000009,1.8994209183599533,2.4906042204950194,1.3112439672642549,3,0.9292861223220825,0.9292861223220825,3,0.9439676403999329,0.9439676403999329,1,1,1,-0.052516937255859375,0.09470033645629883,0.9905862745076797,0.009413725492320335,0.9930889541099527,0.006911045890047318,0.9889405120083523,0.12992610037326813,0.8053097345132744
sgd_nesterov,150,0,3,3,test_Z,match_landscape,50,plus_d2,0.10000000000000009,0.10000000000000009,1.8994209183599533,2.4906042204950194,1.3112439672642549,3,0.9292861223220825,0.9292861223220825,3,0.9298024773597717,0.9298024773597717,1,1,1,-0.052516937255859375,-0.11458587646484375,0.9866452434537676,0.013354756546232416,0.9903249754731438,0.009675024526856202,0.9845110420267015,0.13882692158222198,0.8545454545454545
sgd_nesterov,150,0,3,3,test_Z,match_landscape,50,minus_d2,0.10000000000000009,0.10000000000000009,1.8994209183599533,2.4906042204950194,1.3112439672642549,3,0.9292861223220825,0.9292861223220825,3,0.9262539744377136,0.9262539744377136,1,1,1,-0.052516937255859375,0.030709266662597656,0.9898606173578598,0.010139382642140204,0.9932474701299231,0.0067525298700769065,0.9892288824144427,0.12893664836883545,0.8545454545454545
sgd_nesterov,150,1,8,8,test_Z,match_landscape,50,plus_d1,0.10000000000000009,0.10000000000000009,1.8994209183599533,2.4906042204950194,1.3112439672642549,8,0.9956547021865845,0.9956547021865845,8,0.9955808520317078,0.9955808520317078,1,1,1,-0.1618633270263672,-0.1294083595275879,0.9890310268021615,0.010968973197838516,0.9921346269448764,0.007865373055123581,0.9882418700764575,0.1319422721862793,0.8214285714285714
sgd_nesterov,150,1,8,8,test_Z,match_landscape,50,minus_d1,0.10000000000000009,0.10000000000000009,1.8994209183599533,2.4906042204950194,1.3112439672642549,8,0.9956547021865845,0.9956547021865845,8,0.9954763054847717,0.9954763054847717,1,1,1,-0.1618633270263672,-0.03312969207763672,0.9904875465279761,0.009512453472023896,0.9925908486278172,0.007409151372182787,0.9889587840147717,0.12768810987472534,0.8715596330275229
sgd_nesterov,150,1,8,8,test_Z,match_landscape,50,plus_d2,0.10000000000000009,0.10000000000000009,1.8994209183599533,2.4906042204950194,1.3112439672642549,8,0.9956547021865845,0.9956547021865845,8,0.9958915710449219,0.9958915710449219,1,1,1,-0.1618633270263672,-0.2116227149963379,0.990837834225417,0.009162165774582953,0.9924911042491135,0.007508895750886535,0.9889115563533643,0.12509025633335114,0.8888888888888888
sgd_nesterov,150,1,8,8,test_Z,match_landscape,50,minus_d2,0.10000000000000009,0.10000000000000009,1.8994209183599533,2.4906042204950194,1.3112439672642549,8,0.9956547021865845,0.9956547021865845,8,0.9953228831291199,0.9953228831291199,1,1,1,-0.1618633270263672,-0.1899118423461914,0.9878070374542556,0.012192962545744424,0.9903081165766422,0.009691883423357806,0.9855467683110849,0.1395685374736786,0.8378378378378378
sgd_nesterov,150,2,8,8,test_Z,match_landscape,50,plus_d1,0.10000000000000009,0.10000000000000009,1.8994209183599533,2.4906042204950194,1.3112439672642549,8,0.8074229955673218,0.8074229955673218,8,0.8022876977920532,0.8022876977920532,1,1,1,-0.06693339347839355,0.0008337497711181641,0.9930990926565493,0.006900907343450724,0.9946773814536334,0.00532261854636662,0.9914585398781213,0.10926614701747894,0.8888888888888888
sgd_nesterov,150,2,8,8,test_Z,match_landscape,50,minus_d1,0.10000000000000009,0.10000000000000009,1.8994209183599533,2.4906042204950194,1.3112439672642549,8,0.8074229955673218,0.8074229955673218,8,0.8167107105255127,0.8167107105255127,1,1,1,-0.06693339347839355,-0.14519834518432617,0.9934479920657854,0.006552007934214621,0.9954211104387651,0.004578889561234867,0.9926867423912907,0.11535985767841339,0.8888888888888888
sgd_nesterov,150,2,8,8,test_Z,match_landscape,50,plus_d2,0.10000000000000009,0.10000000000000009,1.8994209183599533,2.4906042204950194,1.3112439672642549,8,0.8074229955673218,0.8074229955673218,8,0.7967639565467834,0.7967639565467834,1,1,1,-0.06693339347839355,0.04212617874145508,0.9871118829010802,0.012888117098919794,0.9900214984086909,0.009978501591309086,0.9843412737544911,0.14408212900161743,0.8545454545454545
sgd_nesterov,150,2,8,8,test_Z,match_landscape,50,minus_d2,0.10000000000000009,0.10000000000000009,1.8994209183599533,2.4906042204950194,1.3112439672642549,8,0.8074229955673218,0.8074229955673218,8,0.8165053129196167,0.8165053129196167,1,1,1,-0.06693339347839355,0.03943157196044922,0.9903252220013704,0.009674777998629591,0.993013119710134,0.006986880289866049,0.9887827835844561,0.11874601989984512,0.8888888888888888
sgd_nesterov,150,3,0,0,test_Z,match_landscape,50,plus_d1,0.10000000000000009,0.10000000000000009,1.8994209183599533,2.4906042204950194,1.3112439672642549,8,0.8440703749656677,0.08486299216747284,8,0.8461363911628723,0.08279162645339966,1,0,0,-0.08490979671478271,0.007927894592285156,0.9835553196867541,0.016444680313245863,0.9870169046236117,0.01298309537638831,0.9749800778313625,0.15074391663074493,0.7586206896551724
sgd_nesterov,150,3,0,0,test_Z,match_landscape,50,minus_d1,0.10000000000000009,0.10000000000000009,1.8994209183599533,2.4906042204950194,1.3112439672642549,8,0.8440703749656677,0.08486299216747284,8,0.8443968296051025,0.08479209989309311,1,0,0,-0.08490979671478271,-0.06883811950683594,0.9848119499155716,0.015188050084428362,0.9888420004456562,0.011157999554343823,0.9787916654493888,0.14370638132095337,0.7894736842105263
sgd_nesterov,150,3,0,0,test_Z,match_landscape,50,plus_d2,0.10000000000000009,0.10000000000000009,1.8994209183599533,2.4906042204950194,1.3112439672642549,8,0.8440703749656677,0.08486299216747284,8,0.8353554010391235,0.08114710450172424,1,0,0,-0.08490979671478271,0.02771890163421631,0.9837893740698169,0.016210625930183076,0.9876934920006029,0.012306507999397143,0.9769268461808739,0.1411304920911789,0.7435897435897436
sgd_nesterov,150,3,0,0,test_Z,match_landscape,50,minus_d2,0.10000000000000009,0.10000000000000009,1.8994209183599533,2.4906042204950194,1.3112439672642549,8,0.8440703749656677,0.08486299216747284,8,0.8464149832725525,0.08921069651842117,1,0,0,-0.08490979671478271,-0.11161494255065918,0.9793450645479833,0.020654935452016687,0.9838418849421768,0.016158115057823164,0.9688062062471146,0.17489203810691833,0.7142857142857143
sgd_nesterov,150,4,6,6,test_Z,match_landscape,50,plus_d1,0.10000000000000009,0.10000000000000009,1.8994209183599533,2.4906042204950194,1.3112439672642549,6,0.9453420639038086,0.9453420639038086,6,0.9385695457458496,0.9385695457458496,1,1,1,-0.13141441345214844,0.16515779495239258,0.9849433980886589,0.015056601911341061,0.9876740439420263,0.012325956057973708,0.9797411831075834,0.14365240931510925,0.7435897435897436
sgd_nesterov,150,4,6,6,test_Z,match_landscape,50,minus_d1,0.10000000000000009,0.10000000000000009,1.8994209183599533,2.4906042204950194,1.3112439672642549,6,0.9453420639038086,0.9453420639038086,6,0.9510135650634766,0.9510135650634766,1,1,1,-0.13141441345214844,0.05558586120605469,0.9878146607267964,0.012185339273203644,0.9899946511708537,0.010005348829146277,0.983908166883578,0.14597898721694946,0.8545454545454545
sgd_nesterov,150,4,6,6,test_Z,match_landscape,50,plus_d2,0.10000000000000009,0.10000000000000009,1.8994209183599533,2.4906042204950194,1.3112439672642549,6,0.9453420639038086,0.9453420639038086,6,0.9397972822189331,0.9397972822189331,1,1,1,-0.13141441345214844,0.08208084106445312,0.9829023646704286,0.017097635329571426,0.9869968745341288,0.013003125465871235,0.9788942446348239,0.15781210362911224,0.7739130434782608
sgd_nesterov,150,4,6,6,test_Z,match_landscape,50,minus_d2,0.10000000000000009,0.10000000000000009,1.8994209183599533,2.4906042204950194,1.3112439672642549,6,0.9453420639038086,0.9453420639038086,6,0.9493714570999146,0.9493714570999146,1,1,1,-0.13141441345214844,-0.06779050827026367,0.9840624038391925,0.015937596160807477,0.9868241854789794,0.013175814521020568,0.9782898675011847,0.16480714082717896,0.7586206896551724
sgd_nesterov,150,5,6,6,test_Z,match_landscape,50,plus_d1,0.10000000000000009,0.10000000000000009,1.8994209183599533,2.4906042204950194,1.3112439672642549,6,0.6186829805374146,0.6186829805374146,6,0.5859957933425903,0.5859957933425903,1,1,1,-0.060840606689453125,0.07921957969665527,0.9875871673633746,0.012412832636625404,0.989687793094194,0.010312206905806032,0.9841705765714132,0.13382434844970703,0.7894736842105263
sgd_nesterov,150,5,6,6,test_Z,match_landscape,50,minus_d1,0.10000000000000009,0.10000000000000009,1.8994209183599533,2.4906042204950194,1.3112439672642549,6,0.6186829805374146,0.6186829805374146,6,0.6624288558959961,0.6624288558959961,1,1,1,-0.060840606689453125,0.05103278160095215,0.9868133140752972,0.013186685924702846,0.9893471312419799,0.010652868758020073,0.9833420155457365,0.12608599662780762,0.8214285714285714
sgd_nesterov,150,5,6,6,test_Z,match_landscape,50,plus_d2,0.10000000000000009,0.10000000000000009,1.8994209183599533,2.4906042204950194,1.3112439672642549,6,0.6186829805374146,0.6186829805374146,6,0.6912974119186401,0.6912974119186401,1,1,1,-0.060840606689453125,-0.06431889533996582,0.9905314722330004,0.00946852776699958,0.9923274241079701,0.007672575892029854,0.9882613428466519,0.12678302824497223,0.8545454545454545
sgd_nesterov,150,5,6,6,test_Z,match_landscape,50,minus_d2,0.10000000000000009,0.10000000000000009,1.8994209183599533,2.4906042204950194,1.3112439672642549,6,0.6186829805374146,0.6186829805374146,6,0.5450750589370728,0.5450750589370728,1,1,1,-0.060840606689453125,0.06596899032592773,0.9907415675146258,0.009258432485374168,0.9923797693608485,0.007620230639151515,0.9881120828563853,0.1232195720076561,0.8545454545454545
sgd_nesterov,150,6,1,1,test_Z,match_landscape,50,plus_d1,0.10000000000000009,0.10000000000000009,1.8994209183599533,2.4906042204950194,1.3112439672642549,1,0.9073359966278076,0.9073359966278076,1,0.9067968130111694,0.9067968130111694,1,1,1,0.16937923431396484,0.24782657623291016,0.9920412952414043,0.007958704758595725,0.9940123780956134,0.00598762190438662,0.9902468111548587,0.11371854692697525,0.8715596330275229
sgd_nesterov,150,6,1,1,test_Z,match_landscape,50,minus_d1,0.10000000000000009,0.10000000000000009,1.8994209183599533,2.4906042204950194,1.3112439672642549,1,0.9073359966278076,0.9073359966278076,1,0.9035871624946594,0.9035871624946594,1,1,1,0.16937923431396484,0.07190418243408203,0.9928633002339992,0.0071366997660008424,0.9944499833990408,0.005550016600959218,0.9910264845411815,0.10913874208927155,0.9245283018867925
sgd_nesterov,150,6,1,1,test_Z,match_landscape,50,plus_d2,0.10000000000000009,0.10000000000000009,1.8994209183599533,2.4906042204950194,1.3112439672642549,1,0.9073359966278076,0.9073359966278076,1,0.898158848285675,0.898158848285675,1,1,1,0.16937923431396484,0.1972794532775879,0.9914344276611446,0.008565572338855354,0.9936325687877154,0.006367431212284558,0.9896249700784224,0.11743097752332687,0.8545454545454545
sgd_nesterov,150,6,1,1,test_Z,match_landscape,50,minus_d2,0.10000000000000009,0.10000000000000009,1.8994209183599533,2.4906042204950194,1.3112439672642549,1,0.9073359966278076,0.9073359966278076,1,0.9055036306381226,0.9055036306381226,1,1,1,0.16937923431396484,-0.19544506072998047,0.9924028219892185,0.0075971780107815245,0.9943537112426425,0.005646288757357509,0.9908123279342943,0.11528392136096954,0.8545454545454545
sgd_nesterov,150,8,3,3,test_Z,match_landscape,50,plus_d1,0.10000000000000009,0.10000000000000009,1.8994209183599533,2.4906042204950194,1.3112439672642549,3,0.8762011528015137,0.8762011528015137,3,0.8580600619316101,0.8580600619316101,1,1,1,0.07072567939758301,0.022205829620361328,0.9868455219806617,0.013154478019338334,0.9903782966169388,0.00962170338306123,0.9857618831979766,0.13520961999893188,0.8378378378378378
sgd_nesterov,150,8,3,3,test_Z,match_landscape,50,minus_d1,0.10000000000000009,0.10000000000000009,1.8994209183599533,2.4906042204950194,1.3112439672642549,3,0.8762011528015137,0.8762011528015137,3,0.893859326839447,0.893859326839447,1,1,1,0.07072567939758301,-0.0018854141235351562,0.9879831495847601,0.012016850415239921,0.9912971909180837,0.00870280908191634,0.9870789841281628,0.13518624007701874,0.7894736842105263
sgd_nesterov,150,8,3,3,test_Z,match_landscape,50,plus_d2,0.10000000000000009,0.10000000000000009,1.8994209183599533,2.4906042204950194,1.3112439672642549,3,0.8762011528015137,0.8762011528015137,3,0.8757078647613525,0.8757078647613525,1,1,1,0.07072567939758301,-0.05437731742858887,0.9892627339050707,0.01073726609492931,0.9919364842972413,0.00806351570275865,0.9880238879363571,0.13460083305835724,0.8214285714285714
sgd_nesterov,150,8,3,3,test_Z,match_landscape,50,minus_d2,0.10000000000000009,0.10000000000000009,1.8994209183599533,2.4906042204950194,1.3112439672642549,3,0.8762011528015137,0.8762011528015137,3,0.8792555332183838,0.8792555332183838,1,1,1,0.07072567939758301,0.08404779434204102,0.9887877749811673,0.011212225018832678,0.991859208338598,0.008140791661402025,0.9879765511833032,0.13628903031349182,0.8214285714285714
sgd_nesterov,150,9,1,1,test_Z,match_landscape,50,plus_d1,0.10000000000000009,0.10000000000000009,1.8994209183599533,2.4906042204950194,1.3112439672642549,9,0.5431092977523804,0.41833293437957764,9,0.6178449988365173,0.34591594338417053,1,0,0,0.11819791793823242,0.005999088287353516,0.9896577285475162,0.010342271452483787,0.9920028913648575,0.00799710863514247,0.9886913245213016,0.14024031162261963,0.7739130434782608
sgd_nesterov,150,9,1,1,test_Z,match_landscape,50,minus_d1,0.10000000000000009,0.10000000000000009,1.8994209183599533,2.4906042204950194,1.3112439672642549,9,0.5431092977523804,0.41833293437957764,9,0.5155314803123474,0.4446980655193329,1,0,0,0.11819791793823242,-0.042708396911621094,0.9940026612619238,0.0059973387380761745,0.9955867986394121,0.004413201360587871,0.9938383447998297,0.11038412898778915,0.8715596330275229
sgd_nesterov,150,9,1,1,test_Z,match_landscape,50,plus_d2,0.10000000000000009,0.10000000000000009,1.8994209183599533,2.4906042204950194,1.3112439672642549,9,0.5431092977523804,0.41833293437957764,9,0.49682357907295227,0.46955955028533936,1,0,0,0.11819791793823242,-0.1551218032836914,0.9905774617366209,0.009422538263379132,0.9925080473820865,0.0074919526179134666,0.9894642844729585,0.1327020227909088,0.8214285714285714
sgd_nesterov,150,9,1,1,test_Z,match_landscape,50,minus_d2,0.10000000000000009,0.10000000000000009,1.8994209183599533,2.4906042204950194,1.3112439672642549,9,0.5431092977523804,0.41833293437957764,9,0.6012861728668213,0.3550601601600647,1,0,0,0.11819791793823242,-0.031662940979003906,0.990208334853253,0.009791665146747008,0.9921455249218102,0.007854475078189815,0.9888779733777354,0.13987568020820618,0.8378378378378378
sgd_nesterov,150,10,0,0,test_Z,match_landscape,50,plus_d1,0.10000000000000009,0.10000000000000009,1.8994209183599533,2.4906042204950194,1.3112439672642549,0,0.8610628843307495,0.8610628843307495,0,0.8770204186439514,0.8770204186439514,1,1,1,0.21450436115264893,0.008404731750488281,0.9842023247673443,0.01579767523265574,0.987247905344998,0.012752094655002044,0.9831129212124451,0.141158789396286,0.8053097345132744
sgd_nesterov,150,10,0,0,test_Z,match_landscape,50,minus_d1,0.10000000000000009,0.10000000000000009,1.8994209183599533,2.4906042204950194,1.3112439672642549,0,0.8610628843307495,0.8610628843307495,0,0.8497260808944702,0.8497260808944702,1,1,1,0.21450436115264893,-0.05309861898422241,0.9922412406130041,0.007758759386995884,0.9944765770224917,0.005523422977508297,0.9927719132051152,0.10693841427564621,0.8715596330275229
sgd_nesterov,150,10,0,0,test_Z,match_landscape,50,plus_d2,0.10000000000000009,0.10000000000000009,1.8994209183599533,2.4906042204950194,1.3112439672642549,0,0.8610628843307495,0.8610628843307495,0,0.8402826189994812,0.8402826189994812,1,1,1,0.21450436115264893,0.14841842651367188,0.9844926073472603,0.015507392652739704,0.9887314760273694,0.011268523972630562,0.9851947299126128,0.14869840443134308,0.8378378378378378
sgd_nesterov,150,10,0,0,test_Z,match_landscape,50,minus_d2,0.10000000000000009,0.10000000000000009,1.8994209183599533,2.4906042204950194,1.3112439672642549,0,0.8610628843307495,0.8610628843307495,0,0.8823869824409485,0.8823869824409485,1,1,1,0.21450436115264893,-0.2604609727859497,0.9869346962110823,0.013065303788917682,0.9906442957555742,0.009355704244425778,0.9876152765063145,0.1540173441171646,0.8053097345132744
sgd_nesterov,150,11,9,9,test_Z,match_landscape,50,plus_d1,0.10000000000000009,0.10000000000000009,1.8994209183599533,2.4906042204950194,1.3112439672642549,9,0.996954083442688,0.996954083442688,9,0.9969789981842041,0.9969789981842041,1,1,1,0.16017532348632812,0.19048213958740234,0.9913379287558776,0.008662071244122438,0.9929551047959932,0.007044895204006751,0.9890637546584111,0.1168425977230072,0.7894736842105263
sgd_nesterov,150,11,9,9,test_Z,match_landscape,50,minus_d1,0.10000000000000009,0.10000000000000009,1.8994209183599533,2.4906042204950194,1.3112439672642549,9,0.996954083442688,0.996954083442688,9,0.9969115853309631,0.9969115853309631,1,1,1,0.16017532348632812,0.012516975402832031,0.9922028980815389,0.007797101918461058,0.993624593259066,0.006375406740933953,0.9901777741532668,0.10606979578733444,0.8545454545454545
sgd_nesterov,150,11,9,9,test_Z,match_landscape,50,plus_d2,0.10000000000000009,0.10000000000000009,1.8994209183599533,2.4906042204950194,1.3112439672642549,9,0.996954083442688,0.996954083442688,9,0.9967933297157288,0.9967933297157288,1,1,1,0.16017532348632812,-0.048071861267089844,0.9909469309481315,0.009053069051868534,0.992585780172656,0.007414219827344026,0.988594953799583,0.11691390722990036,0.8053097345132744
sgd_nesterov,150,11,9,9,test_Z,match_landscape,50,minus_d2,0.10000000000000009,0.10000000000000009,1.8994209183599533,2.4906042204950194,1.3112439672642549,9,0.996954083442688,0.996954083442688,9,0.9970274567604065,0.9970274567604065,1,1,1,0.16017532348632812,0.1646566390991211,0.9891287002285237,0.010871299771476273,0.9917827105375489,0.00821728946245115,0.9872197921318558,0.12478873878717422,0.8214285714285714
sgd_nesterov,150,12,5,5,test_Z,match_landscape,50,plus_d1,0.10000000000000009,0.10000000000000009,1.8994209183599533,2.4906042204950194,1.3112439672642549,7,0.5288317799568176,0.19941869378089905,7,0.578764796257019,0.19376039505004883,1,0,0,0.018016338348388672,-0.03344607353210449,0.9913477841350777,0.008652215864922264,0.9934979113450164,0.006502088654983584,0.9899187594091696,0.11153839528560638,0.8888888888888888
sgd_nesterov,150,12,5,5,test_Z,match_landscape,50,minus_d1,0.10000000000000009,0.10000000000000009,1.8994209183599533,2.4906042204950194,1.3112439672642549,7,0.5288317799568176,0.19941869378089905,7,0.4715501666069031,0.20823851227760315,1,0,0,0.018016338348388672,-0.0788888931274414,0.9920982119481399,0.007901788051860148,0.9942222183362399,0.005777781663760084,0.9910811807966937,0.1071820855140686,0.8378378378378378
sgd_nesterov,150,12,5,5,test_Z,match_landscape,50,plus_d2,0.10000000000000009,0.10000000000000009,1.8994209183599533,2.4906042204950194,1.3112439672642549,7,0.5288317799568176,0.19941869378089905,7,0.5104588270187378,0.22935770452022552,1,0,0,0.018016338348388672,0.031443119049072266,0.9936829376859734,0.0063170623140266224,0.9952820930553801,0.004717906944619932,0.9926711584699799,0.10241614282131195,0.8214285714285714
sgd_nesterov,150,12,5,5,test_Z,match_landscape,50,minus_d2,0.10000000000000009,0.10000000000000009,1.8994209183599533,2.4906042204950194,1.3112439672642549,7,0.5288317799568176,0.19941869378089905,7,0.5519155263900757,0.17010526359081268,1,0,0,0.018016338348388672,-0.0818626880645752,0.9928456441255827,0.007154355874417262,0.9945647424354944,0.00543525756450558,0.9915607895158703,0.10183648765087128,0.8888888888888888
sgd_nesterov,150,13,7,7,test_Z,match_landscape,50,plus_d1,0.10000000000000009,0.10000000000000009,1.8994209183599533,2.4906042204950194,1.3112439672642549,7,0.8420771956443787,0.8420771956443787,7,0.8315474390983582,0.8315474390983582,1,1,1,0.14141178131103516,-0.13315582275390625,0.9874261881829571,0.012573811817042868,0.9901144848555568,0.009885515144443247,0.9842186195074121,0.1374639868736267,0.8378378378378378
sgd_nesterov,150,13,7,7,test_Z,match_landscape,50,minus_d1,0.10000000000000009,0.10000000000000009,1.8994209183599533,2.4906042204950194,1.3112439672642549,7,0.8420771956443787,0.8420771956443787,7,0.8291159272193909,0.8291159272193909,1,1,1,0.14141178131103516,-0.12206077575683594,0.9843168388529445,0.01568316114705548,0.9888078929410361,0.011192107058963896,0.9817160815612992,0.14317558705806732,0.7739130434782608
sgd_nesterov,150,13,7,7,test_Z,match_landscape,50,plus_d2,0.10000000000000009,0.10000000000000009,1.8994209183599533,2.4906042204950194,1.3112439672642549,7,0.8420771956443787,0.8420771956443787,7,0.8236854672431946,0.8236854672431946,1,1,1,0.14141178131103516,-0.10233306884765625,0.9883494691626947,0.011650530837305273,0.9919302341099228,0.00806976589007724,0.9871102882019965,0.12869901955127716,0.8053097345132744
sgd_nesterov,150,13,7,7,test_Z,match_landscape,50,minus_d2,0.10000000000000009,0.10000000000000009,1.8994209183599533,2.4906042204950194,1.3112439672642549,7,0.8420771956443787,0.8420771956443787,7,0.8472248315811157,0.8472248315811157,1,1,1,0.14141178131103516,-0.28800249099731445,0.984135031095217,0.01586496890478295,0.9885143527559225,0.011485647244077524,0.9812365470944728,0.15335793793201447,0.7894736842105263
sgd_nesterov,150,14,9,9,test_Z,match_landscape,50,plus_d1,0.10000000000000009,0.10000000000000009,1.8994209183599533,2.4906042204950194,1.3112439672642549,9,0.9644408226013184,0.9644408226013184,9,0.9680297374725342,0.9680297374725342,1,1,1,0.1565384864807129,0.14865446090698242,0.9944457854852099,0.005554214514790101,0.995257346686434,0.004742653313566048,0.9929267002465928,0.101686492562294,0.8378378378378378
sgd_nesterov,150,14,9,9,test_Z,match_landscape,50,minus_d1,0.10000000000000009,0.10000000000000009,1.8994209183599533,2.4906042204950194,1.3112439672642549,9,0.9644408226013184,0.9644408226013184,9,0.9612334966659546,0.9612334966659546,1,1,1,0.1565384864807129,0.15895414352416992,0.9921088569719756,0.007891143028024405,0.993544914162032,0.006455085837968055,0.9907200294113495,0.11907898634672165,0.8378378378378378
sgd_nesterov,150,14,9,9,test_Z,match_landscape,50,plus_d2,0.10000000000000009,0.10000000000000009,1.8994209183599533,2.4906042204950194,1.3112439672642549,9,0.9644408226013184,0.9644408226013184,9,0.9619077444076538,0.9619077444076538,1,1,1,0.1565384864807129,0.0694117546081543,0.9929277094336768,0.007072290566323192,0.9940642268695709,0.005935773130429145,0.991140490315608,0.11157947778701782,0.8715596330275229
sgd_nesterov,150,14,9,9,test_Z,match_landscape,50,minus_d2,0.10000000000000009,0.10000000000000009,1.8994209183599533,2.4906042204950194,1.3112439672642549,9,0.9644408226013184,0.9644408226013184,9,0.9670833945274353,0.9670833945274353,1,1,1,0.1565384864807129,0.03128528594970703,0.9915634163570815,0.00843658364291855,0.9925951759485283,0.007404824051471692,0.9893409279567211,0.1337507963180542,0.8545454545454545
sgd_nesterov,150,16,5,5,test_Z,match_landscape,50,plus_d1,0.10000000000000009,0.10000000000000009,1.8994209183599533,2.4906042204950194,1.3112439672642549,5,0.9048601984977722,0.9048601984977722,5,0.9092369079589844,0.9092369079589844,1,1,1,-0.13261985778808594,0.0387721061706543,0.9942564979809726,0.005743502019027402,0.99590043727891,0.004099562721090022,0.9951648667031789,0.10383192449808121,0.8888888888888888
sgd_nesterov,150,16,5,5,test_Z,match_landscape,50,minus_d1,0.10000000000000009,0.10000000000000009,1.8994209183599533,2.4906042204950194,1.3112439672642549,5,0.9048601984977722,0.9048601984977722,5,0.8945047855377197,0.8945047855377197,1,1,1,-0.13261985778808594,0.22858238220214844,0.9941160724876688,0.005883927512331244,0.9958863685426446,0.004113631457355438,0.995056429925978,0.10483506321907043,0.8888888888888888
sgd_nesterov,150,16,5,5,test_Z,match_landscape,50,plus_d2,0.10000000000000009,0.10000000000000009,1.8994209183599533,2.4906042204950194,1.3112439672642549,5,0.9048601984977722,0.9048601984977722,5,0.9174718260765076,0.9174718260765076,1,1,1,-0.13261985778808594,-0.20263004302978516,0.991906416878182,0.00809358312181796,0.9932841437429112,0.006715856257088815,0.9920988627754528,0.11964984238147736,0.8888888888888888
sgd_nesterov,150,16,5,5,test_Z,match_landscape,50,minus_d2,0.10000000000000009,0.10000000000000009,1.8994209183599533,2.4906042204950194,1.3112439672642549,5,0.9048601984977722,0.9048601984977722,5,0.8833619356155396,0.8833619356155396,1,1,1,-0.13261985778808594,0.10062408447265625,0.992931098859029,0.007068901140971029,0.9941892046024937,0.005810795397506285,0.9932937694150692,0.1269748955965042,0.8378378378378378
sgd_nesterov,150,17,7,7,test_Z,match_landscape,50,plus_d1,0.10000000000000009,0.10000000000000009,1.8994209183599533,2.4906042204950194,1.3112439672642549,7,0.8411287069320679,0.8411287069320679,7,0.8331828117370605,0.8331828117370605,1,1,1,-0.024736881256103516,-0.11869096755981445,0.9890379606795433,0.010962039320456696,0.9921015110622345,0.007898488937765458,0.9867663475934181,0.12874549627304077,0.8214285714285714
sgd_nesterov,150,17,7,7,test_Z,match_landscape,50,minus_d1,0.10000000000000009,0.10000000000000009,1.8994209183599533,2.4906042204950194,1.3112439672642549,7,0.8411287069320679,0.8411287069320679,7,0.8425608277320862,0.8425608277320862,1,1,1,-0.024736881256103516,-0.05378532409667969,0.9908684866578391,0.00913151334216089,0.9933236388702003,0.006676361129799746,0.9888461485352585,0.12279201298952103,0.8715596330275229
sgd_nesterov,150,17,7,7,test_Z,match_landscape,50,plus_d2,0.10000000000000009,0.10000000000000009,1.8994209183599533,2.4906042204950194,1.3112439672642549,7,0.8411287069320679,0.8411287069320679,7,0.8242319822311401,0.8242319822311401,1,1,1,-0.024736881256103516,0.10936927795410156,0.9904015852711849,0.009598414728815063,0.9928820815018321,0.007117918498167897,0.9881157867749889,0.12716053426265717,0.7739130434782608
sgd_nesterov,150,17,7,7,test_Z,match_landscape,50,minus_d2,0.10000000000000009,0.10000000000000009,1.8994209183599533,2.4906042204950194,1.3112439672642549,7,0.8411287069320679,0.8411287069320679,7,0.8541037440299988,0.8541037440299988,1,1,1,-0.024736881256103516,-0.03473186492919922,0.9892147842668892,0.010785215733110753,0.9917655414580064,0.008234458541993561,0.9862507586455163,0.14827927947044373,0.8378378378378378
sgd_nesterov,150,22,4,4,test_Z,match_landscape,50,plus_d1,0.10000000000000009,0.10000000000000009,1.8994209183599533,2.4906042204950194,1.3112439672642549,6,0.5189898610115051,0.0985323041677475,6,0.48066049814224243,0.09920065104961395,1,0,0,-0.09555697441101074,0.03852236270904541,0.9772277615666304,0.022772238433369618,0.9814524482869237,0.018547551713076316,0.9692367443321265,0.17450550198554993,0.7739130434782608
sgd_nesterov,150,22,4,4,test_Z,match_landscape,50,minus_d1,0.10000000000000009,0.10000000000000009,1.8994209183599533,2.4906042204950194,1.3112439672642549,6,0.5189898610115051,0.0985323041677475,6,0.5394770503044128,0.10177448391914368,1,0,0,-0.09555697441101074,-0.06098151206970215,0.9832925091274133,0.016707490872586717,0.9854922231159332,0.014507776884066792,0.9751290754807993,0.15742085874080658,0.7894736842105263
sgd_nesterov,150,22,4,4,test_Z,match_landscape,50,plus_d2,0.10000000000000009,0.10000000000000009,1.8994209183599533,2.4906042204950194,1.3112439672642549,6,0.5189898610115051,0.0985323041677475,6,0.5753897428512573,0.0780530497431755,1,0,0,-0.09555697441101074,-0.11572647094726562,0.9897919156393573,0.010208084360642689,0.9918526959729941,0.00814730402700592,0.986087191257222,0.1241854652762413,0.8545454545454545
sgd_nesterov,150,22,4,4,test_Z,match_landscape,50,minus_d2,0.10000000000000009,0.10000000000000009,1.8994209183599533,2.4906042204950194,1.3112439672642549,6,0.5189898610115051,0.0985323041677475,6,0.44101041555404663,0.13002941012382507,1,0,0,-0.09555697441101074,-0.11082804203033447,0.9888840657755521,0.011115934224447899,0.9912281354071839,0.008771864592816092,0.9850208291369394,0.14720168709754944,0.8053097345132744
sgd_nesterov,150,25,2,2,test_Z,match_landscape,50,plus_d1,0.10000000000000009,0.10000000000000009,1.8994209183599533,2.4906042204950194,1.3112439672642549,2,0.7636433839797974,0.7636433839797974,2,0.78782057762146,0.78782057762146,1,1,1,-0.08471012115478516,-0.17349767684936523,0.9895572226272449,0.010442777372755119,0.9918483311921277,0.008151668807872325,0.9858806735562358,0.12059690803289413,0.8053097345132744
sgd_nesterov,150,25,2,2,test_Z,match_landscape,50,minus_d1,0.10000000000000009,0.10000000000000009,1.8994209183599533,2.4906042204950194,1.3112439672642549,2,0.7636433839797974,0.7636433839797974,2,0.742246687412262,0.742246687412262,1,1,1,-0.08471012115478516,0.1634678840637207,0.9870005370097156,0.012999462990284427,0.9897242531325747,0.010275746867425273,0.9821603536612568,0.12788480520248413,0.8378378378378378
sgd_nesterov,150,25,2,2,test_Z,match_landscape,50,plus_d2,0.10000000000000009,0.10000000000000009,1.8994209183599533,2.4906042204950194,1.3112439672642549,2,0.7636433839797974,0.7636433839797974,2,0.8058961033821106,0.8058961033821106,1,1,1,-0.08471012115478516,0.0985403060913086,0.9895391655099931,0.010460834490006898,0.990694312540924,0.009305687459076006,0.983896178711616,0.13120652735233307,0.8545454545454545
sgd_nesterov,150,25,2,2,test_Z,match_landscape,50,minus_d2,0.10000000000000009,0.10000000000000009,1.8994209183599533,2.4906042204950194,1.3112439672642549,2,0.7636433839797974,0.7636433839797974,2,0.7195445895195007,0.7195445895195007,1,1,1,-0.08471012115478516,-0.04538297653198242,0.990951298960892,0.009048701039108042,0.9922203917244513,0.007779608275548688,0.9865069196459043,0.12282659113407135,0.8214285714285714
sgd_nesterov,150,26,4,4,test_Z,match_landscape,50,plus_d1,0.10000000000000009,0.10000000000000009,1.8994209183599533,2.4906042204950194,1.3112439672642549,4,0.6953972578048706,0.6953972578048706,4,0.7211829423904419,0.7211829423904419,1,1,1,-0.12723326683044434,-0.08105707168579102,0.984672790028271,0.015327209971728983,0.9874434162885225,0.012556583711477498,0.9820626020438474,0.15647371113300323,0.8053097345132744
sgd_nesterov,150,26,4,4,test_Z,match_landscape,50,minus_d1,0.10000000000000009,0.10000000000000009,1.8994209183599533,2.4906042204950194,1.3112439672642549,4,0.6953972578048706,0.6953972578048706,4,0.6856600642204285,0.6856600642204285,1,1,1,-0.12723326683044434,-0.003143787384033203,0.9627587918512686,0.03724120814873144,0.9728406294708213,0.027159370529178717,0.9617117724156384,0.20039620995521545,0.7739130434782608
sgd_nesterov,150,26,4,4,test_Z,match_landscape,50,plus_d2,0.10000000000000009,0.10000000000000009,1.8994209183599533,2.4906042204950194,1.3112439672642549,4,0.6953972578048706,0.6953972578048706,4,0.6848569512367249,0.6848569512367249,1,1,1,-0.12723326683044434,-0.05149507522583008,0.9857761605223541,0.014223839477645939,0.9886753081073284,0.011324691892671601,0.984424077463868,0.1451183259487152,0.7894736842105263
sgd_nesterov,150,26,4,4,test_Z,match_landscape,50,minus_d2,0.10000000000000009,0.10000000000000009,1.8994209183599533,2.4906042204950194,1.3112439672642549,4,0.6953972578048706,0.6953972578048706,4,0.7131786346435547,0.7131786346435547,1,1,1,-0.12723326683044434,0.06512784957885742,0.9873639687161843,0.01263603128381574,0.9900873903423127,0.009912609657687255,0.9858097507781928,0.1383814811706543,0.8545454545454545
sgd_nesterov,150,35,2,2,test_Z,match_landscape,50,plus_d1,0.10000000000000009,0.10000000000000009,1.8994209183599533,2.4906042204950194,1.3112439672642549,3,0.3756871223449707,0.05214138329029083,3,0.32340332865715027,0.04550791159272194,1,0,0,-0.15717434883117676,-0.011773824691772461,0.9853798324068415,0.01462016759315854,0.9879232763619396,0.01207672363806045,0.9796436882246711,0.14344054460525513,0.7586206896551724
sgd_nesterov,150,35,2,2,test_Z,match_landscape,50,minus_d1,0.10000000000000009,0.10000000000000009,1.8994209183599533,2.4906042204950194,1.3112439672642549,3,0.3756871223449707,0.05214138329029083,3,0.42624616622924805,0.057301584631204605,1,0,0,-0.15717434883117676,0.19018971920013428,0.9815985153661322,0.018401484633867815,0.9858674729693858,0.014132527030614184,0.9761027657143839,0.15886613726615906,0.8053097345132744
sgd_nesterov,150,35,2,2,test_Z,match_landscape,50,plus_d2,0.10000000000000009,0.10000000000000009,1.8994209183599533,2.4906042204950194,1.3112439672642549,3,0.3756871223449707,0.05214138329029083,3,0.3653112053871155,0.06489303708076477,1,0,0,-0.15717434883117676,-0.057677268981933594,0.9861984397687386,0.013801560231261445,0.988901771979141,0.011098228020859024,0.9814018594210202,0.13921090960502625,0.8053097345132744
sgd_nesterov,150,35,2,2,test_Z,match_landscape,50,minus_d2,0.10000000000000009,0.10000000000000009,1.8994209183599533,2.4906042204950194,1.3112439672642549,3,0.3756871223449707,0.05214138329029083,3,0.36170125007629395,0.04147382080554962,1,0,0,-0.15717434883117676,-0.12894737720489502,0.9777078876437242,0.022292112356275817,0.9840799564857275,0.015920043514272453,0.9730504534819518,0.19408152997493744,0.7435897435897436
sgd_nesterov,300,0,3,3,test_Z,match_landscape,50,plus_d1,0.10000000000000009,0.10000000000000009,2.7441205131925277,4.0756760490022845,1.485239452643651,3,0.9985817670822144,0.9985817670822144,3,0.9977877140045166,0.9977877140045166,1,1,1,0.18394947052001953,0.8851642608642578,0.9268919628344497,0.07310803716555025,0.946365887659903,0.05363411234009696,0.9061831760446203,0.32760024070739746,0.6190476190476191
sgd_nesterov,300,0,3,3,test_Z,match_landscape,50,minus_d1,0.10000000000000009,0.10000000000000009,2.7441205131925277,4.0756760490022845,1.485239452643651,3,0.9985817670822144,0.9985817670822144,3,0.9991820454597473,0.9991820454597473,1,1,1,0.18394947052001953,0.20409393310546875,0.9410153827632298,0.058984617236770176,0.9542623355480127,0.04573766445198735,0.9190297087562526,0.3162241280078888,0.6451612903225806
sgd_nesterov,300,0,3,3,test_Z,match_landscape,50,plus_d2,0.10000000000000009,0.10000000000000009,2.7441205131925277,4.0756760490022845,1.485239452643651,3,0.9985817670822144,0.9985817670822144,3,0.9985496401786804,0.9985496401786804,1,1,1,0.18394947052001953,-0.063079833984375,0.9243448780256299,0.07565512197437008,0.9486814573488537,0.051318542651146326,0.9109478656496203,0.323913037776947,0.6451612903225806
sgd_nesterov,300,0,3,3,test_Z,match_landscape,50,minus_d2,0.10000000000000009,0.10000000000000009,2.7441205131925277,4.0756760490022845,1.485239452643651,3,0.9985817670822144,0.9985817670822144,3,0.998728334903717,0.998728334903717,1,1,1,0.18394947052001953,0.39037513732910156,0.9302432540187544,0.0697567459812456,0.9512557081281583,0.048744291871841705,0.9139625945467799,0.325115829706192,0.7
sgd_nesterov,300,1,8,8,test_Z,match_landscape,50,plus_d1,0.10000000000000009,0.10000000000000009,2.7441205131925277,4.0756760490022845,1.485239452643651,8,0.999721348285675,0.999721348285675,8,0.9998065829277039,0.9998065829277039,1,1,1,0.10155391693115234,-0.3479156494140625,0.9160467508849315,0.08395324911506852,0.9379595618913215,0.06204043810867854,0.9013474388680079,0.36026784777641296,0.5813953488372093
sgd_nesterov,300,1,8,8,test_Z,match_landscape,50,minus_d1,0.10000000000000009,0.10000000000000009,2.7441205131925277,4.0756760490022845,1.485239452643651,8,0.999721348285675,0.999721348285675,8,0.9995607733726501,0.9995607733726501,1,1,1,0.10155391693115234,-0.11450004577636719,0.9282262167126445,0.07177378328735551,0.9508146509750999,0.04918534902490013,0.921195342091287,0.3166385889053345,0.632
sgd_nesterov,300,1,8,8,test_Z,match_landscape,50,plus_d2,0.10000000000000009,0.10000000000000009,2.7441205131925277,4.0756760490022845,1.485239452643651,8,0.999721348285675,0.999721348285675,8,0.9998260140419006,0.9998260140419006,1,1,1,0.10155391693115234,-0.12421703338623047,0.917477663079742,0.08252233692025801,0.9420401447637539,0.05795985523624614,0.9053351292252717,0.3255811631679535,0.5692307692307692
sgd_nesterov,300,1,8,8,test_Z,match_landscape,50,minus_d2,0.10000000000000009,0.10000000000000009,2.7441205131925277,4.0756760490022845,1.485239452643651,8,0.999721348285675,0.999721348285675,8,0.999531626701355,0.999531626701355,1,1,1,0.10155391693115234,0.02451610565185547,0.9070596278116104,0.09294037218838958,0.9357865084270163,0.06421349157298373,0.8986777871470267,0.4008272886276245,0.6190476190476191
sgd_nesterov,300,2,8,8,test_Z,match_landscape,50,plus_d1,0.10000000000000009,0.10000000000000009,2.7441205131925277,4.0756760490022845,1.485239452643651,8,0.5585370659828186,0.5585370659828186,8,0.7161104679107666,0.7161104679107666,1,1,1,-0.4304165840148926,-0.03521585464477539,0.9193233368131155,0.08067666318688449,0.9395306507775685,0.06046934922243152,0.8935426877328173,0.39466673135757446,0.59375
sgd_nesterov,300,2,8,8,test_Z,match_landscape,50,minus_d1,0.10000000000000009,0.10000000000000009,2.7441205131925277,4.0756760490022845,1.485239452643651,8,0.5585370659828186,0.5585370659828186,1,0.50892174243927,0.4798309803009033,0,1,0,-0.4304165840148926,0.13940000534057617,0.9216258625069588,0.07837413749304123,0.9463370706094882,0.05366292939051176,0.9040758336367509,0.32021886110305786,0.5572519083969466
sgd_nesterov,300,2,8,8,test_Z,match_landscape,50,plus_d2,0.10000000000000009,0.10000000000000009,2.7441205131925277,4.0756760490022845,1.485239452643651,8,0.5585370659828186,0.5585370659828186,1,0.8799595832824707,0.11364371329545975,0,1,0,-0.4304165840148926,0.3022909164428711,0.8946123646113238,0.10538763538867624,0.9262909503571688,0.0737090496428312,0.8680773692049363,0.3757738769054413,0.5454545454545454
sgd_nesterov,300,2,8,8,test_Z,match_landscape,50,minus_d2,0.10000000000000009,0.10000000000000009,2.7441205131925277,4.0756760490022845,1.485239452643651,8,0.5585370659828186,0.5585370659828186,8,0.6275436282157898,0.6275436282157898,1,1,1,-0.4304165840148926,0.07677626609802246,0.8979022986510973,0.10209770134890273,0.931865162280587,0.06813483771941298,0.8834823153907154,0.3743174076080322,0.5692307692307692
sgd_nesterov,300,3,0,0,test_Z,match_landscape,50,plus_d1,0.10000000000000009,0.10000000000000009,2.7441205131925277,4.0756760490022845,1.485239452643651,0,0.9221565127372742,0.9221565127372742,0,0.9395440220832825,0.9395440220832825,1,1,1,-0.8870205879211426,-0.5697612762451172,0.9235769048224698,0.07642309517753021,0.9418912531660049,0.05810874683399514,0.895817371057219,0.31373482942581177,0.6451612903225806
sgd_nesterov,300,3,0,0,test_Z,match_landscape,50,minus_d1,0.10000000000000009,0.10000000000000009,2.7441205131925277,4.0756760490022845,1.485239452643651,0,0.9221565127372742,0.9221565127372742,0,0.9081220626831055,0.9081220626831055,1,1,1,-0.8870205879211426,-0.22150373458862305,0.9296778291404889,0.07032217085951109,0.9498166042392567,0.050183395760743266,0.9114720243028669,0.3083263635635376,0.5813953488372093
sgd_nesterov,300,3,0,0,test_Z,match_landscape,50,plus_d2,0.10000000000000009,0.10000000000000009,2.7441205131925277,4.0756760490022845,1.485239452643651,0,0.9221565127372742,0.9221565127372742,0,0.8447589874267578,0.8447589874267578,1,1,1,-0.8870205879211426,-0.5428557395935059,0.8681757332405976,0.1318242667594024,0.9039132155411888,0.09608678445881125,0.8305347026180815,0.408435195684433,0.5338345864661654
sgd_nesterov,300,3,0,0,test_Z,match_landscape,50,minus_d2,0.10000000000000009,0.10000000000000009,2.7441205131925277,4.0756760490022845,1.485239452643651,0,0.9221565127372742,0.9221565127372742,0,0.9200928807258606,0.9200928807258606,1,1,1,-0.8870205879211426,0.6549844741821289,0.8616392848287651,0.13836071517123494,0.9098772950497296,0.09012270495027042,0.838419423397419,0.4210456311702728,0.45714285714285713
sgd_nesterov,300,4,6,6,test_Z,match_landscape,50,plus_d1,0.10000000000000009,0.10000000000000009,2.7441205131925277,4.0756760490022845,1.485239452643651,6,0.9996182918548584,0.9996182918548584,6,0.9994246959686279,0.9994246959686279,1,1,1,-0.3996591567993164,0.88916015625,0.9403229226212886,0.05967707737871142,0.9595111719280578,0.04048882807194221,0.9302135280264163,0.3167326748371124,0.6859504132231405
sgd_nesterov,300,4,6,6,test_Z,match_landscape,50,minus_d1,0.10000000000000009,0.10000000000000009,2.7441205131925277,4.0756760490022845,1.485239452643651,6,0.9996182918548584,0.9996182918548584,6,0.9997307658195496,0.9997307658195496,1,1,1,-0.3996591567993164,0.36572742462158203,0.9302081640473859,0.06979183595261407,0.950739898701682,0.04926010129831804,0.913165279444579,0.28873327374458313,0.6190476190476191
sgd_nesterov,300,4,6,6,test_Z,match_landscape,50,plus_d2,0.10000000000000009,0.10000000000000009,2.7441205131925277,4.0756760490022845,1.485239452643651,6,0.9996182918548584,0.9996182918548584,6,0.9996860027313232,0.9996860027313232,1,1,1,-0.3996591567993164,-1.0577163696289062,0.9125942413645488,0.08740575863545119,0.9399660537811614,0.06003394621883862,0.8965976962381922,0.3272106349468231,0.6190476190476191
sgd_nesterov,300,4,6,6,test_Z,match_landscape,50,minus_d2,0.10000000000000009,0.10000000000000009,2.7441205131925277,4.0756760490022845,1.485239452643651,6,0.9996182918548584,0.9996182918548584,6,0.9990505576133728,0.9990505576133728,1,1,1,-0.3996591567993164,0.5805330276489258,0.908444235680269,0.091555764319731,0.9306865389333984,0.06931346106660163,0.8803498807952204,0.470050573348999,0.6190476190476191
sgd_nesterov,300,5,6,6,test_Z,match_landscape,50,plus_d1,0.10000000000000009,0.10000000000000009,2.7441205131925277,4.0756760490022845,1.485239452643651,6,0.9951744675636292,0.9951744675636292,6,0.9816942811012268,0.9816942811012268,1,1,1,1.584578514099121,0.3895730972290039,0.9549958434665969,0.04500415653340306,0.9622999370947808,0.03770006290521921,0.9391388775035938,0.252404123544693,0.7435897435897436
sgd_nesterov,300,5,6,6,test_Z,match_landscape,50,minus_d1,0.10000000000000009,0.10000000000000009,2.7441205131925277,4.0756760490022845,1.485239452643651,6,0.9951744675636292,0.9951744675636292,6,0.9987565279006958,0.9987565279006958,1,1,1,1.584578514099121,0.218292236328125,0.9600515882703756,0.03994841172962438,0.9689618348096208,0.031038165190379163,0.9501316416449564,0.24420437216758728,0.7288135593220338
sgd_nesterov,300,5,6,6,test_Z,match_landscape,50,plus_d2,0.10000000000000009,0.10000000000000009,2.7441205131925277,4.0756760490022845,1.485239452643651,6,0.9951744675636292,0.9951744675636292,6,0.9937885403633118,0.9937885403633118,1,1,1,1.584578514099121,0.6266727447509766,0.9367332741687765,0.0632667258312235,0.9464722171701291,0.05352778282987092,0.9135662688878157,0.28749382495880127,0.6721311475409836
sgd_nesterov,300,5,6,6,test_Z,match_landscape,50,minus_d2,0.10000000000000009,0.10000000000000009,2.7441205131925277,4.0756760490022845,1.485239452643651,6,0.9951744675636292,0.9951744675636292,6,0.9954600930213928,0.9954600930213928,1,1,1,1.584578514099121,0.8327999114990234,0.9578829738588568,0.04211702614114321,0.9673856705164056,0.03261432948359444,0.9475037282744501,0.2555444538593292,0.7435897435897436
sgd_nesterov,300,6,1,1,test_Z,match_landscape,50,plus_d1,0.10000000000000009,0.10000000000000009,2.7441205131925277,4.0756760490022845,1.485239452643651,1,0.9654215574264526,0.9654215574264526,1,0.9718644618988037,0.9718644618988037,1,1,1,0.4575080871582031,0.36202383041381836,0.8652117570645137,0.1347882429354863,0.9104186588855739,0.08958134111442606,0.8299658406303555,0.41046684980392456,0.44680851063829785
sgd_nesterov,300,6,1,1,test_Z,match_landscape,50,minus_d1,0.10000000000000009,0.10000000000000009,2.7441205131925277,4.0756760490022845,1.485239452643651,1,0.9654215574264526,0.9654215574264526,1,0.9765928983688354,0.9765928983688354,1,1,1,0.4575080871582031,0.3883485794067383,0.9179839193251782,0.0820160806748218,0.9450579025416681,0.054942097458331896,0.8967568380509422,0.32506123185157776,0.5692307692307692
sgd_nesterov,300,6,1,1,test_Z,match_landscape,50,plus_d2,0.10000000000000009,0.10000000000000009,2.7441205131925277,4.0756760490022845,1.485239452643651,1,0.9654215574264526,0.9654215574264526,1,0.9533164501190186,0.9533164501190186,1,1,1,0.4575080871582031,-0.12927675247192383,0.8798244682510366,0.12017553174896345,0.9114893671843269,0.08851063281567306,0.8288106955411424,0.41058945655822754,0.5111111111111111
sgd_nesterov,300,6,1,1,test_Z,match_landscape,50,minus_d2,0.10000000000000009,0.10000000000000009,2.7441205131925277,4.0756760490022845,1.485239452643651,1,0.9654215574264526,0.9654215574264526,1,0.9762743711471558,0.9762743711471558,1,1,1,0.4575080871582031,0.03875446319580078,0.8908558944850636,0.10914410551493636,0.922559045288578,0.07744095471142198,0.8573759359655209,0.37499454617500305,0.48905109489051096
sgd_nesterov,300,8,3,3,test_Z,match_landscape,50,plus_d1,0.10000000000000009,0.10000000000000009,2.7441205131925277,4.0756760490022845,1.485239452643651,3,0.9992873072624207,0.9992873072624207,3,0.9990789890289307,0.9990789890289307,1,1,1,-0.12047386169433594,0.46548938751220703,0.8750299901536123,0.12497000984638773,0.9265824805497535,0.07341751945024655,0.8818515721714576,0.41281092166900635,0.6190476190476191
sgd_nesterov,300,8,3,3,test_Z,match_landscape,50,minus_d1,0.10000000000000009,0.10000000000000009,2.7441205131925277,4.0756760490022845,1.485239452643651,3,0.9992873072624207,0.9992873072624207,3,0.9993744492530823,0.9993744492530823,1,1,1,-0.12047386169433594,0.3451881408691406,0.8546340428278013,0.1453659571721987,0.8963126650569276,0.10368733494307236,0.8365864678013907,0.45778781175613403,0.5572519083969466
sgd_nesterov,300,8,3,3,test_Z,match_landscape,50,plus_d2,0.10000000000000009,0.10000000000000009,2.7441205131925277,4.0756760490022845,1.485239452643651,3,0.9992873072624207,0.9992873072624207,3,0.9988358616828918,0.9988358616828918,1,1,1,-0.12047386169433594,-0.07427024841308594,0.9207990493962643,0.07920095060373566,0.9523008524116107,0.047699147588389335,0.9242587761725619,0.31915411353111267,0.6859504132231405
sgd_nesterov,300,8,3,3,test_Z,match_landscape,50,minus_d2,0.10000000000000009,0.10000000000000009,2.7441205131925277,4.0756760490022845,1.485239452643651,3,0.9992873072624207,0.9992873072624207,3,0.9994179010391235,0.9994179010391235,1,1,1,-0.12047386169433594,-0.17979717254638672,0.9089346356591976,0.09106536434080237,0.9367625639666093,0.06323743603339071,0.8972246521460481,0.35483428835868835,0.6062992125984252
sgd_nesterov,300,9,1,1,test_Z,match_landscape,50,plus_d1,0.10000000000000009,0.10000000000000009,2.7441205131925277,4.0756760490022845,1.485239452643651,1,0.9655452370643616,0.9655452370643616,1,0.9935895204544067,0.9935895204544067,1,1,1,0.1336822509765625,0.02265453338623047,0.9149552022186501,0.08504479778134988,0.9382175816461081,0.061782418353891866,0.9002091481915182,0.32477205991744995,0.6451612903225806
sgd_nesterov,300,9,1,1,test_Z,match_landscape,50,minus_d1,0.10000000000000009,0.10000000000000009,2.7441205131925277,4.0756760490022845,1.485239452643651,1,0.9655452370643616,0.9655452370643616,1,0.9336860775947571,0.9336860775947571,1,1,1,0.1336822509765625,0.12308120727539062,0.909922343867931,0.09007765613206897,0.9328816400729042,0.0671183599270958,0.8925006739796814,0.4317443370819092,0.632
sgd_nesterov,300,9,1,1,test_Z,match_landscape,50,plus_d2,0.10000000000000009,0.10000000000000009,2.7441205131925277,4.0756760490022845,1.485239452643651,1,0.9655452370643616,0.9655452370643616,1,0.980977475643158,0.980977475643158,1,1,1,0.1336822509765625,0.8525047302246094,0.8193939424009121,0.18060605759908788,0.8807684048516178,0.11923159514838222,0.8075401193007399,0.48657578229904175,0.5338345864661654
sgd_nesterov,300,9,1,1,test_Z,match_landscape,50,minus_d2,0.10000000000000009,0.10000000000000009,2.7441205131925277,4.0756760490022845,1.485239452643651,1,0.9655452370643616,0.9655452370643616,1,0.9596135020256042,0.9596135020256042,1,1,1,0.1336822509765625,-0.24409866333007812,0.9067353330497369,0.09326466695026314,0.934374855344013,0.06562514465598701,0.8929862721859099,0.3593069314956665,0.6451612903225806
sgd_nesterov,300,10,0,0,test_Z,match_landscape,50,plus_d1,0.10000000000000009,0.10000000000000009,2.7441205131925277,4.0756760490022845,1.485239452643651,0,0.9997683167457581,0.9997683167457581,0,0.9996322393417358,0.9996322393417358,1,1,1,0.35281944274902344,0.7157220840454102,0.9119645372067723,0.08803546279322771,0.9401448774680244,0.05985512253197556,0.914370198714012,0.3391469419002533,0.59375
sgd_nesterov,300,10,0,0,test_Z,match_landscape,50,minus_d1,0.10000000000000009,0.10000000000000009,2.7441205131925277,4.0756760490022845,1.485239452643651,0,0.9997683167457581,0.9997683167457581,0,0.9998014569282532,0.9998014569282532,1,1,1,0.35281944274902344,0.21706581115722656,0.9178205753006523,0.08217942469934769,0.9453394012733892,0.054660598726610776,0.9232690343156666,0.4132792353630066,0.6062992125984252
sgd_nesterov,300,10,0,0,test_Z,match_landscape,50,plus_d2,0.10000000000000009,0.10000000000000009,2.7441205131925277,4.0756760490022845,1.485239452643651,0,0.9997683167457581,0.9997683167457581,0,0.9997124075889587,0.9997124075889587,1,1,1,0.35281944274902344,-0.27082252502441406,0.9062852583209472,0.0937147416790528,0.9389663653715774,0.061033634628422595,0.9144138973616234,0.34602850675582886,0.6190476190476191
sgd_nesterov,300,10,0,0,test_Z,match_landscape,50,minus_d2,0.10000000000000009,0.10000000000000009,2.7441205131925277,4.0756760490022845,1.485239452643651,0,0.9997683167457581,0.9997683167457581,0,0.9997854828834534,0.9997854828834534,1,1,1,0.35281944274902344,0.4457254409790039,0.8702147425228184,0.12978525747718161,0.911286194322462,0.08871380567753795,0.87639847048809,0.561772346496582,0.6585365853658537
sgd_nesterov,300,11,9,9,test_Z,match_landscape,50,plus_d1,0.10000000000000009,0.10000000000000009,2.7441205131925277,4.0756760490022845,1.485239452643651,9,0.9991366267204285,0.9991366267204285,9,0.9989533424377441,0.9989533424377441,1,1,1,0.32924461364746094,-0.13147926330566406,0.9370483480894254,0.06295165191057461,0.9503480337408978,0.049651966259102176,0.920005604568485,0.31444162130355835,0.632
sgd_nesterov,300,11,9,9,test_Z,match_landscape,50,minus_d1,0.10000000000000009,0.10000000000000009,2.7441205131925277,4.0756760490022845,1.485239452643651,9,0.9991366267204285,0.9991366267204285,9,0.9993590712547302,0.9993590712547302,1,1,1,0.32924461364746094,-0.11400032043457031,0.9159177886945131,0.08408221130548688,0.9408746214600071,0.05912537853999289,0.9082719367828003,0.35339388251304626,0.6190476190476191
sgd_nesterov,300,11,9,9,test_Z,match_landscape,50,plus_d2,0.10000000000000009,0.10000000000000009,2.7441205131925277,4.0756760490022845,1.485239452643651,9,0.9991366267204285,0.9991366267204285,9,0.9991689920425415,0.9991689920425415,1,1,1,0.32924461364746094,-0.017975807189941406,0.8779240687371141,0.12207593126288585,0.9124138305681959,0.08758616943180408,0.864593534807927,0.3831287622451782,0.5454545454545454
sgd_nesterov,300,11,9,9,test_Z,match_landscape,50,minus_d2,0.10000000000000009,0.10000000000000009,2.7441205131925277,4.0756760490022845,1.485239452643651,9,0.9991366267204285,0.9991366267204285,9,0.9989798665046692,0.9989798665046692,1,1,1,0.32924461364746094,-0.2585487365722656,0.9042741015694149,0.0957258984305851,0.9319032961552305,0.06809670384476951,0.8935569885595505,0.35550835728645325,0.59375
sgd_nesterov,300,12,5,5,test_Z,match_landscape,50,plus_d1,0.10000000000000009,0.10000000000000009,2.7441205131925277,4.0756760490022845,1.485239452643651,5,0.9966110587120056,0.9966110587120056,5,0.9898968935012817,0.9898968935012817,1,1,1,-0.24881744384765625,0.14024829864501953,0.8894162747342423,0.11058372526575766,0.9217782247919839,0.0782217752080161,0.8652143059761769,0.38885197043418884,0.5338345864661654
sgd_nesterov,300,12,5,5,test_Z,match_landscape,50,minus_d1,0.10000000000000009,0.10000000000000009,2.7441205131925277,4.0756760490022845,1.485239452643651,5,0.9966110587120056,0.9966110587120056,5,0.9984655380249023,0.9984655380249023,1,1,1,-0.24881744384765625,0.3631563186645508,0.9108817611493164,0.0891182388506836,0.9427963949636781,0.057203605036321936,0.9033175329895775,0.34098103642463684,0.59375
sgd_nesterov,300,12,5,5,test_Z,match_landscape,50,plus_d2,0.10000000000000009,0.10000000000000009,2.7441205131925277,4.0756760490022845,1.485239452643651,5,0.9966110587120056,0.9966110587120056,5,0.9991371035575867,0.9991371035575867,1,1,1,-0.24881744384765625,-0.4253044128417969,0.8988970489481188,0.10110295105188116,0.9268572350261973,0.07314276497380268,0.8762371124490349,0.36783289909362793,0.5223880597014925
sgd_nesterov,300,12,5,5,test_Z,match_landscape,50,minus_d2,0.10000000000000009,0.10000000000000009,2.7441205131925277,4.0756760490022845,1.485239452643651,5,0.9966110587120056,0.9966110587120056,5,0.9860954880714417,0.9860954880714417,1,1,1,-0.24881744384765625,-0.641444206237793,0.9235069727538257,0.07649302724617435,0.9464464835488132,0.05355351645118678,0.9089380457047792,0.37059634923934937,0.59375
sgd_nesterov,300,13,7,7,test_Z,match_landscape,50,plus_d1,0.10000000000000009,0.10000000000000009,2.7441205131925277,4.0756760490022845,1.485239452643651,7,0.9994152784347534,0.9994152784347534,7,0.9993818998336792,0.9993818998336792,1,1,1,0.3272409439086914,0.7852935791015625,0.8670169246555941,0.1329830753444059,0.9024829382271321,0.0975170617728679,0.8230183733656268,0.36822986602783203,0.4676258992805755
sgd_nesterov,300,13,7,7,test_Z,match_landscape,50,minus_d1,0.10000000000000009,0.10000000000000009,2.7441205131925277,4.0756760490022845,1.485239452643651,7,0.9994152784347534,0.9994152784347534,7,0.9994926452636719,0.9994926452636719,1,1,1,0.3272409439086914,-0.40606689453125,0.893280644100825,0.10671935589917503,0.9304651030763534,0.06953489692364656,0.8781195770480282,0.35326087474823,0.5572519083969466
sgd_nesterov,300,13,7,7,test_Z,match_landscape,50,plus_d2,0.10000000000000009,0.10000000000000009,2.7441205131925277,4.0756760490022845,1.485239452643651,7,0.9994152784347534,0.9994152784347534,7,0.9990836381912231,0.9990836381912231,1,1,1,0.3272409439086914,0.15434932708740234,0.8939586434974754,0.10604135650252455,0.9301220117235233,0.06987798827647673,0.8770990997749128,0.363885760307312,0.5572519083969466
sgd_nesterov,300,13,7,7,test_Z,match_landscape,50,minus_d2,0.10000000000000009,0.10000000000000009,2.7441205131925277,4.0756760490022845,1.485239452643651,7,0.9994152784347534,0.9994152784347534,7,0.9995772242546082,0.9995772242546082,1,1,1,0.3272409439086914,1.6294479370117188,0.8842980037091349,0.11570199629086508,0.9214959196467565,0.07850408035324352,0.8607699113741699,0.36448749899864197,0.5
sgd_nesterov,300,14,9,9,test_Z,match_landscape,50,plus_d1,0.10000000000000009,0.10000000000000009,2.7441205131925277,4.0756760490022845,1.485239452643651,9,0.9990344047546387,0.9990344047546387,9,0.9989829659461975,0.9989829659461975,1,1,1,0.17477893829345703,0.2949790954589844,0.9558924580213999,0.04410754197860012,0.9647659269885074,0.03523407301149262,0.9455504853903623,0.3324495255947113,0.6859504132231405
sgd_nesterov,300,14,9,9,test_Z,match_landscape,50,minus_d1,0.10000000000000009,0.10000000000000009,2.7441205131925277,4.0756760490022845,1.485239452643651,9,0.9990344047546387,0.9990344047546387,9,0.9991450309753418,0.9991450309753418,1,1,1,0.17477893829345703,-0.2315988540649414,0.9205344596866982,0.07946554031330177,0.9440057826811267,0.05599421731887333,0.9128184003692484,0.34339502453804016,0.6721311475409836
sgd_nesterov,300,14,9,9,test_Z,match_landscape,50,plus_d2,0.10000000000000009,0.10000000000000009,2.7441205131925277,4.0756760490022845,1.485239452643651,9,0.9990344047546387,0.9990344047546387,9,0.9987834095954895,0.9987834095954895,1,1,1,0.17477893829345703,-0.0995035171508789,0.904067203067875,0.09593279693212498,0.929188068596836,0.070811931403164,0.8911045032173207,0.3527843654155731,0.6062992125984252
sgd_nesterov,300,14,9,9,test_Z,match_landscape,50,minus_d2,0.10000000000000009,0.10000000000000009,2.7441205131925277,4.0756760490022845,1.485239452643651,9,0.9990344047546387,0.9990344047546387,9,0.9991687536239624,0.9991687536239624,1,1,1,0.17477893829345703,-0.012399673461914062,0.9304394257681763,0.06956057423182371,0.947847438581182,0.052152561418817966,0.9186327889829097,0.31165817379951477,0.6190476190476191
sgd_nesterov,300,16,5,5,test_Z,match_landscape,50,plus_d1,0.10000000000000009,0.10000000000000009,2.7441205131925277,4.0756760490022845,1.485239452643651,5,0.9978995323181152,0.9978995323181152,5,0.998683512210846,0.998683512210846,1,1,1,-0.5399847030639648,0.6594352722167969,0.9089220205365424,0.09107797946345764,0.9328271119312955,0.06717288806870447,0.9008625294039981,0.32625725865364075,0.59375
sgd_nesterov,300,16,5,5,test_Z,match_landscape,50,minus_d1,0.10000000000000009,0.10000000000000009,2.7441205131925277,4.0756760490022845,1.485239452643651,5,0.9978995323181152,0.9978995323181152,5,0.9980687499046326,0.9980687499046326,1,1,1,-0.5399847030639648,-0.3576955795288086,0.9532463096834158,0.04675369031658416,0.9655619131273769,0.034438086872623064,0.9507653896414006,0.2992829382419586,0.6190476190476191
sgd_nesterov,300,16,5,5,test_Z,match_landscape,50,plus_d2,0.10000000000000009,0.10000000000000009,2.7441205131925277,4.0756760490022845,1.485239452643651,5,0.9978995323181152,0.9978995323181152,5,0.9991405010223389,0.9991405010223389,1,1,1,-0.5399847030639648,0.8268136978149414,0.9058996015404082,0.09410039845959184,0.9375947168618658,0.062405283138134204,0.9104697065562756,0.32391250133514404,0.6190476190476191
sgd_nesterov,300,16,5,5,test_Z,match_landscape,50,minus_d2,0.10000000000000009,0.10000000000000009,2.7441205131925277,4.0756760490022845,1.485239452643651,5,0.9978995323181152,0.9978995323181152,5,0.9974688291549683,0.9974688291549683,1,1,1,-0.5399847030639648,0.2931060791015625,0.9308502925358012,0.0691497074641988,0.9506933254946598,0.04930667450534021,0.9280227418985705,0.32275158166885376,0.6451612903225806
sgd_nesterov,300,17,7,7,test_Z,match_landscape,50,plus_d1,0.10000000000000009,0.10000000000000009,2.7441205131925277,4.0756760490022845,1.485239452643651,7,0.9995680451393127,0.9995680451393127,7,0.9994708895683289,0.9994708895683289,1,1,1,0.013925552368164062,0.36788177490234375,0.933154381124192,0.06684561887580798,0.9550353014231967,0.0449646985768033,0.92425852453894,0.29409247636795044,0.6585365853658537
sgd_nesterov,300,17,7,7,test_Z,match_landscape,50,minus_d1,0.10000000000000009,0.10000000000000009,2.7441205131925277,4.0756760490022845,1.485239452643651,7,0.9995680451393127,0.9995680451393127,7,0.9995797276496887,0.9995797276496887,1,1,1,0.013925552368164062,-0.43561267852783203,0.9351073562103182,0.06489264378968185,0.9556364695906019,0.04436353040939811,0.9262221421611447,0.29624056816101074,0.6190476190476191
sgd_nesterov,300,17,7,7,test_Z,match_landscape,50,plus_d2,0.10000000000000009,0.10000000000000009,2.7441205131925277,4.0756760490022845,1.485239452643651,7,0.9995680451393127,0.9995680451393127,7,0.9993446469306946,0.9993446469306946,1,1,1,0.013925552368164062,0.8868179321289062,0.891405960194238,0.10859403980576199,0.930678330265489,0.06932166973451104,0.8836649523655693,0.3326275944709778,0.6190476190476191
sgd_nesterov,300,17,7,7,test_Z,match_landscape,50,minus_d2,0.10000000000000009,0.10000000000000009,2.7441205131925277,4.0756760490022845,1.485239452643651,7,0.9995680451393127,0.9995680451393127,7,0.9995729327201843,0.9995729327201843,1,1,1,0.013925552368164062,-0.20648479461669922,0.9013048046665983,0.09869519533340165,0.9298982018364376,0.07010179816356243,0.8815874738099571,0.34688010811805725,0.5813953488372093
sgd_nesterov,300,22,4,4,test_Z,match_landscape,50,plus_d1,0.10000000000000009,0.10000000000000009,2.7441205131925277,4.0756760490022845,1.485239452643651,4,0.737756073474884,0.737756073474884,3,0.39953407645225525,0.34022223949432373,0,1,0,0.2818586826324463,0.27471721172332764,0.9143654316081827,0.08563456839181727,0.9368990782136101,0.06310092178638993,0.8955426750468388,0.33412230014801025,0.6190476190476191
sgd_nesterov,300,22,4,4,test_Z,match_landscape,50,minus_d1,0.10000000000000009,0.10000000000000009,2.7441205131925277,4.0756760490022845,1.485239452643651,4,0.737756073474884,0.737756073474884,4,0.9494227766990662,0.9494227766990662,1,1,1,0.2818586826324463,0.2409212589263916,0.8365800288768906,0.16341997112310935,0.8940079566168565,0.1059920433831435,0.8267352786494887,0.4794526696205139,0.5
sgd_nesterov,300,22,4,4,test_Z,match_landscape,50,plus_d2,0.10000000000000009,0.10000000000000009,2.7441205131925277,4.0756760490022845,1.485239452643651,4,0.737756073474884,0.737756073474884,4,0.6648015379905701,0.6648015379905701,1,1,1,0.2818586826324463,0.16707849502563477,0.8378221808812943,0.16217781911870566,0.9002282136740352,0.09977178632596484,0.8337947741597596,0.4180293381214142,0.6190476190476191
sgd_nesterov,300,22,4,4,test_Z,match_landscape,50,minus_d2,0.10000000000000009,0.10000000000000009,2.7441205131925277,4.0756760490022845,1.485239452643651,4,0.737756073474884,0.737756073474884,4,0.7908099293708801,0.7908099293708801,1,1,1,0.2818586826324463,-0.49723100662231445,0.932514531692012,0.06748546830798796,0.9517174318803625,0.04828256811963749,0.9207106078367303,0.3157745897769928,0.6062992125984252
sgd_nesterov,300,25,2,2,test_Z,match_landscape,50,plus_d1,0.10000000000000009,0.10000000000000009,2.7441205131925277,4.0756760490022845,1.485239452643651,2,0.9495157599449158,0.9495157599449158,2,0.9110062122344971,0.9110062122344971,1,1,1,-0.45142221450805664,-0.7906005382537842,0.8448741336344667,0.15512586636553327,0.9120423396435025,0.08795766035649755,0.86929160621736,0.3724171221256256,0.5454545454545454
sgd_nesterov,300,25,2,2,test_Z,match_landscape,50,minus_d1,0.10000000000000009,0.10000000000000009,2.7441205131925277,4.0756760490022845,1.485239452643651,2,0.9495157599449158,0.9495157599449158,2,0.9822676777839661,0.9822676777839661,1,1,1,-0.45142221450805664,0.7003440856933594,0.937146230233394,0.06285376976660595,0.9549718969262264,0.045028103073773584,0.93317761779114,0.2971627414226532,0.7
sgd_nesterov,300,25,2,2,test_Z,match_landscape,50,plus_d2,0.10000000000000009,0.10000000000000009,2.7441205131925277,4.0756760490022845,1.485239452643651,2,0.9495157599449158,0.9495157599449158,2,0.952022135257721,0.952022135257721,1,1,1,-0.45142221450805664,0.9241492748260498,0.8894258168552506,0.11057418314474943,0.9161274200253534,0.08387257997464659,0.8737869232588581,0.3783974051475525,0.6190476190476191
sgd_nesterov,300,25,2,2,test_Z,match_landscape,50,minus_d2,0.10000000000000009,0.10000000000000009,2.7441205131925277,4.0756760490022845,1.485239452643651,2,0.9495157599449158,0.9495157599449158,2,0.9479359984397888,0.9479359984397888,1,1,1,-0.45142221450805664,0.3510735034942627,0.9067452256142428,0.09325477438575724,0.9402150584802962,0.059784941519703816,0.9130194270379237,0.33632853627204895,0.6062992125984252
sgd_nesterov,300,26,4,4,test_Z,match_landscape,50,plus_d1,0.10000000000000009,0.10000000000000009,2.7441205131925277,4.0756760490022845,1.485239452643651,3,0.835159182548523,0.14896906912326813,3,0.6002014875411987,0.3697318136692047,1,0,0,0.33995938301086426,0.04152250289916992,0.9230707221014129,0.07692927789858706,0.9454136616503708,0.054586338349629226,0.9121677461590849,0.31043705344200134,0.632
sgd_nesterov,300,26,4,4,test_Z,match_landscape,50,minus_d1,0.10000000000000009,0.10000000000000009,2.7441205131925277,4.0756760490022845,1.485239452643651,3,0.835159182548523,0.14896906912326813,3,0.9333301186561584,0.057131387293338776,1,0,0,0.33995938301086426,-0.29932212829589844,0.8894472139410723,0.11055278605892771,0.9240271921321345,0.07597280786786553,0.8770925535834166,0.3664986193180084,0.5692307692307692
sgd_nesterov,300,26,4,4,test_Z,match_landscape,50,plus_d2,0.10000000000000009,0.10000000000000009,2.7441205131925277,4.0756760490022845,1.485239452643651,3,0.835159182548523,0.14896906912326813,3,0.8535810708999634,0.13074682652950287,1,0,0,0.33995938301086426,0.528266429901123,0.8615159631453986,0.13848403685460142,0.8996043781334457,0.10039562186655426,0.8371076613537454,0.39120158553123474,0.48905109489051096
sgd_nesterov,300,26,4,4,test_Z,match_landscape,50,minus_d2,0.10000000000000009,0.10000000000000009,2.7441205131925277,4.0756760490022845,1.485239452643651,3,0.835159182548523,0.14896906912326813,3,0.8743069767951965,0.10761532932519913,1,0,0,0.33995938301086426,-0.7121365070343018,0.9207756970126885,0.07922430298731153,0.9436469945761091,0.05635300542389088,0.9104723367123883,0.32320091128349304,0.5813953488372093
sgd_nesterov,300,35,2,2,test_Z,match_landscape,50,plus_d1,0.10000000000000009,0.10000000000000009,2.7441205131925277,4.0756760490022845,1.485239452643651,3,0.6512659788131714,0.03454957157373428,3,0.4375881254673004,0.10252966731786728,1,0,0,1.059504508972168,0.5298506021499634,0.9287911687670648,0.0712088312329352,0.9474528573217013,0.05254714267829874,0.9052679531091778,0.32582801580429077,0.5813953488372093
sgd_nesterov,300,35,2,2,test_Z,match_landscape,50,minus_d1,0.10000000000000009,0.10000000000000009,2.7441205131925277,4.0756760490022845,1.485239452643651,3,0.6512659788131714,0.03454957157373428,3,0.6382576823234558,0.011736231856048107,1,0,0,1.059504508972168,-0.23474669456481934,0.916798665947296,0.08320133405270402,0.9407085924116813,0.059291407588318745,0.8918660686641456,0.3028551936149597,0.5454545454545454
sgd_nesterov,300,35,2,2,test_Z,match_landscape,50,plus_d2,0.10000000000000009,0.10000000000000009,2.7441205131925277,4.0756760490022845,1.485239452643651,3,0.6512659788131714,0.03454957157373428,3,0.8179120421409607,0.011521265842020512,1,0,0,1.059504508972168,0.7070187330245972,0.9236995971279961,0.0763004028720039,0.9440557227650193,0.055944277234980744,0.8979419520436541,0.2998175323009491,0.59375
sgd_nesterov,300,35,2,2,test_Z,match_landscape,50,minus_d2,0.10000000000000009,0.10000000000000009,2.7441205131925277,4.0756760490022845,1.485239452643651,3,0.6512659788131714,0.03454957157373428,3,0.5335055589675903,0.048601556569337845,1,0,0,1.059504508972168,0.4967533349990845,0.9130239746352679,0.08697602536473215,0.9390603659788991,0.06093963402110092,0.8898003744369926,0.34270188212394714,0.6062992125984252
